name,food,score,link
100天不重复、减肥保持期的每日快手便当记录【持续更新】,🍎🍌🍇🍓🍒🥦🥑🍆🍅🥝🥬🌶🌽🥕🥬🧄🧅🥔🍠🥯🥓🍗🍖🥨🍞🌭🍕🍣🍜🥗🦪🥟,4,http://www.xiachufang.com/recipe/104499350/
无敌好吃的香煎豆腐,豆腐、鸡蛋、淀粉、盐、白糖、蚝油、生抽、蒜末,7.6,http://www.xiachufang.com/recipe/103922498/
『家庭版炒合菜』,鸡蛋、韭菜、红薯粉丝、绿豆芽or黄豆芽、生抽、老抽、蚝油、盐、糖、鸡精、小米椒、蒜,7.8,http://www.xiachufang.com/recipe/104177124/
超级下饭的地三鲜,长茄子、青椒、土豆、蚝油、生抽、盐、糖、老抽、淀粉、葱、蒜,8.2,http://www.xiachufang.com/recipe/103996751/
肉末茄子,茄子、肉末、青红尖椒、生抽、老抽、盐、白糖、淀粉、葱、姜、蒜、醋,7.5,http://www.xiachufang.com/recipe/103917531/
白灼秋葵,秋葵、大蒜、剁椒、生抽、美極鮮醬油、糖，鹽，味精,0,http://www.xiachufang.com/recipe/104594890/
土豆的新吃法！简单美味，给肉都不换！,土豆、蒜、小米椒、干淀粉、香辣酱、蚝油、生抽、辣椒面、孜然、芝麻,7.6,http://www.xiachufang.com/recipe/104289737/
㊙️香菇土豆肉沫拌饭❗️比外卖还好吃,猪肉沫、香菇、大土豆、青红椒、葱花、姜末,8.1,http://www.xiachufang.com/recipe/104161661/
家庭版小酥肉,花椒、鸡蛋、糖、盐、料酒、猪肉、红薯淀粉、五香粉、酱油,8.7,http://www.xiachufang.com/recipe/104234141/
家庭版的手撕鸡,鸡腿、姜片、葱段、盐、糖、生抽、香醋、小米辣、蒜蓉、柠檬、鸡精、香菜、熟芝麻、香油,7.9,http://www.xiachufang.com/recipe/104030320/
厨师长教你：“懒人烧豆腐”的家常做法，很简单懒人的做法，收藏,老豆腐、小米辣、二荆条、大蒜、韭菜、土豆淀粉、植物油、食用盐、白糖、生抽酱油、蚝油,9.2,http://www.xiachufang.com/recipe/104366696/
鱼香肉丝（米饭杀手系列三）,豆瓣酱、醋、生抽、蚝油、白沙糖、料酒、淀粉、里脊肉、青椒、木耳、胡萝卜、仔姜,7.9,http://www.xiachufang.com/recipe/103951128/
香到嗷嗷叫｜宇宙超级无敌香锅鸡翅虾,虾、鸡翅中、藕、莴笋、土豆、年糕条、洋葱、海底捞麻辣香锅底料、大葱、干辣椒、大蒜、香菜、花椒、香叶、白芝麻、盐（腌鸡翅）、淀粉、食用油、生抽,8.5,http://www.xiachufang.com/recipe/104145376/
手把手教你五分钟快手油焖虾,明虾、食用油、料酒、盐、老抽、生抽、糖、姜、大葱、小葱、醋,8.1,http://www.xiachufang.com/recipe/103952251/
酱汁杏鲍菇❗比肉还好吃,杏鲍菇、蒜、小葱,8.0,http://www.xiachufang.com/recipe/104024497/
椒盐鸡翅,鸡翅、盐、糖、鸡蛋、玉米淀粉、万用炸粉、椒盐、洋葱、青红椒、料酒,0,http://www.xiachufang.com/recipe/104594430/
西兰花真的很脏，你洗干净了吗？（已更新油菜的清洗方法）,西兰花、橄榄油、蒜、盐、小葱,13,http://www.xiachufang.com/recipe/104257369/
牛肉的腌制方法好吃还嫩,牛里脊、牛后臀都可以、白胡椒粉、蚝油、生抽、油、玉米淀粉,8.7,http://www.xiachufang.com/recipe/104068635/
鲜美豆腐汤的简单做法,鸡蛋、嫩豆腐、海鲜菇、盐、蚝油、生抽、蒜、葱花,7.4,http://www.xiachufang.com/recipe/104176034/
简单又好吃的黄焖鸡,冰糖、鸡肉、料酒、姜、蒜、生抽、老抽、蚝油、黄豆酱、香菇、土豆、盐,7.7,http://www.xiachufang.com/recipe/104484038/
健康低脂凉拌菜—菠菜可以这样吃,菠菜、鸡蛋、花生、香油、盐、蒜、蚝油、白芝麻,7.8,http://www.xiachufang.com/recipe/104068553/
糖醋排骨,仔排、冰糖①、料酒、生抽、冰糖、白醋、老抽、八角、香叶、小香葱、生姜,8.4,http://www.xiachufang.com/recipe/104576709/
空气炸锅脆皮乳鸽,乳鸽(中鸽)、耗油、盐、鸡精、油、胡椒碎、蜂蜜、料酒,0,http://www.xiachufang.com/recipe/104588183/
炖牛肉（纯回回版）,牛肉、八角、葱、大蒜、姜、面酱、老抽、红烧酱油、盐,8.6,http://www.xiachufang.com/recipe/103929731/
烤猪蹄,干辣椒、八角、姜、豆蔻、丁香、香叶、桂皮、陈皮、芫荽籽、小茴香、花椒、整粒白胡椒、植物油、冰糖、香醋、料酒、生抽、蚝油、盐、清水、葱、猪蹄、葱花、辣椒面、孜然粉、韩式辣酱、蜂蜜,9.0,http://www.xiachufang.com/recipe/104055590/
炝拌土豆丝,土豆、油、花椒、姜丝、葱花、盐、米醋、香油、小辣椒、耗油,8.0,http://www.xiachufang.com/recipe/103961403/
适合孩子吃的宫保鸡丁(不辣),鸡胸肉、花生米、黄瓜、生抽、水淀粉、盐、胡萝卜,8,http://www.xiachufang.com/recipe/104568238/
家常肉沫粉条（蚂蚁上树）,红薯粉、青尖椒、精瘦猪肉、香菜、葱姜蒜、黄豆酱、食用油、水、盐、味精、老抽,8.3,http://www.xiachufang.com/recipe/104048228/
庆有余年三春珍脍鱼,鲤鱼、葱、姜、蒜、红辣椒、花椒、干辣椒、八角、郫县豆瓣酱、香醋、酱油（生抽）、老抽、糖、水,9.3,http://www.xiachufang.com/recipe/104249869/
年夜饭必备蒜蓉拌花甲,花甲、大独蒜、姜、小米辣、洋葱、小葱、料酒、水、玉米油、酱油、白醋、蚝油、盐、糖、花椒粉、辣椒粉,8.6,http://www.xiachufang.com/recipe/103904245/
木须肉,里脊肉、胡萝卜、黄瓜、木耳、鸡蛋、小葱、蒜、盐、蚝油、生抽、生粉、料酒,7.7,http://www.xiachufang.com/recipe/103963518/
超简单的蜜汁叉烧（空气炸锅版）,猪颈肉、梅头肉、李锦记叉烧酱、蜂蜜、随便什么老抽,8.5,http://www.xiachufang.com/recipe/104021612/
超好喝的鸡蛋汤😋,西红柿、鸡蛋、黄瓜、香菜、盐、生抽、香油,0,http://www.xiachufang.com/recipe/104594490/
超下饭的干锅花菜,花菜、五花肉、大蒜、干辣椒、生抽、姜、蒜、盐、老抽、鸡精,1,http://www.xiachufang.com/recipe/104584051/
莴笋丝,莴笋、红辣椒、蒜蓉和油,8.3,http://www.xiachufang.com/recipe/104192553/
1分钟自制低脂饮品——减肥也要好好的喝,猕猴桃、西柚、西瓜、黑枸杞、气泡水、雪碧、低糖养乐多,8.8,http://www.xiachufang.com/recipe/104063271/
【小高姐】烧茄子简单方法做出好颜色和好味道的茄子,茄子、盐、蒜、配菜、水淀粉、豆瓣酱、醋、盐、食用油,8.9,http://www.xiachufang.com/recipe/104552144/
比肉还好吃的手撕杏鲍菇,杏鲍菇、青椒、胡萝卜、蚝油、酱油、独头蒜、细砂糖、食用油、鸡精,7.6,http://www.xiachufang.com/recipe/104335100/
百吃不厌糖醋里脊/快手菜,里脊肉、盐、白胡椒粉料酒生姜水、蛋清、生粉/淀粉、番茄酱、白糖、白芝麻,7.9,http://www.xiachufang.com/recipe/104184660/
火山土豆泥,土豆、混合蔬菜粒、肉末、水发香菇、姜蒜末、黑胡椒粉、盐、糖、生抽、老抽、蚝油、水淀粉,8.2,http://www.xiachufang.com/recipe/104078855/
榨菜青椒炒香干,青椒、榨菜丝、香干、瘦肉、生抽、食用油、盐、红薯粉、料酒、白糖、开水,8.8,http://www.xiachufang.com/recipe/103834949/
黄豆炖猪蹄,猪蹄、黄豆、老抽、料酒、冰糖、番茄酱、盐、冰糖、生姜、八角、香叶、蒜瓣、食用油,0,http://www.xiachufang.com/recipe/104585570/
椒盐虾（超酥香）,虾（若干）、椒盐、葱、生姜、料酒、淀粉，大蒜,8.1,http://www.xiachufang.com/recipe/104039047/
香而不腻的销魂粉蒸肉,五花肉、蒸肉米粉、大土豆、姜、葱花、料酒、腐乳汁、甜面酱、蚝油、生抽、老抽、白糖、胡椒粉、盐,8.0,http://www.xiachufang.com/recipe/103856057/
家常葱油制作（绝味葱油面）超详细,食用油、葱、生抽、老抽（红烧酱油）、耗油、芝麻、糖,8.6,http://www.xiachufang.com/recipe/104101342/
农家小炒肉,青椒、五花肉、姜、蒜、豆瓣酱,7.8,http://www.xiachufang.com/recipe/104118235/
私房红烧肉垂涎三尺软糯无比,五花肉、冰糖、料酒、老抽、生抽、姜、大葱、八角、香叶、桂皮、食用油、盐,8.4,http://www.xiachufang.com/recipe/103885768/
家庭版小辣条,豆卷、辣椒面、白芝麻、白砂糖、孜然粉、盐、鸡精、洋葱、葱、姜、蒜、花椒、八角,8.7,http://www.xiachufang.com/recipe/104185080/
零失败糖醋里脊,猪里脊、鸡蛋、胡椒粉、淀粉、番茄酱、绵白糖、白醋、盐、水淀粉、料酒、食用油、纯净水、白芝麻,0,http://www.xiachufang.com/recipe/104594391/
土豆炖排骨,排骨、五花肉、小土豆、姜、蒜、葱、辣椒、料酒、生抽、红烧汁、蚝油,8.5,http://www.xiachufang.com/recipe/104343134/
清爽不油腻的荷塘小炒,藕、荷兰豆、小木耳、胡萝卜、山药、百合、鸡精、盐、糖、水淀粉,8.1,http://www.xiachufang.com/recipe/104096131/
吃不够的蒜香鸡腿,鸡腿肉、蒜末、盐、生抽、干辣椒、青椒、玉米淀粉,8.3,http://www.xiachufang.com/recipe/104194839/
🐜蚂蚁上树丨能下3碗米饭🍚肉末粉丝,肉末、红薯粉丝、豆瓣酱、蒜、老抽、蚝油、生抽、姜、清水、青红椒,8.5,http://www.xiachufang.com/recipe/104342736/
吉祥如意麻辣手撕口水鸡,温氏白切鸡、姜、蒜、盐、白糖、熟芝麻、高汤、香醋、生抽、香油、辣椒红油、花椒油、小米辣、熟花生、香葱,9.2,http://www.xiachufang.com/recipe/104247003/
零失败酥脆小油条（高筋面粉）,高筋面粉、水（面粉牌子不同吸水性不同，酌情添加水量）、鸡蛋、无铝泡打粉、小苏打、油、盐,8.7,http://www.xiachufang.com/recipe/104366650/
不油炸的少油地三鲜，好吃不油腻！家常版,土豆、茄子、青椒、生抽，耗油，白糖，醋，鸡精，盐，淀粉、葱姜蒜,8.2,http://www.xiachufang.com/recipe/104317471/
鸡蛋炒米粉，正确泡发干米粉，不碎、不坨、不粘锅、口感Q弹,米粉、花生油（炟米粉）、盐（炟米粉）、鸡蛋、绿豆芽、小葱、花生油、生抽,8.8,http://www.xiachufang.com/recipe/104171690/
超级好吃的干煸豆角，麻辣鲜香，超下饭！,豆角、干红辣椒、蒜、麻椒、生抽、盐、鸡精、芝麻,7,http://www.xiachufang.com/recipe/104561497/
好吃到狂舔手指😘的茄汁蒜蓉大虾🍤半小时内搞定,大虾（住在沿海地区，一般使用海虾，这次使用虎皮虾）、番茄酱、蒜、姜、料酒、生抽、糖、盐（海虾口味淡者可不加）,0,http://www.xiachufang.com/recipe/104593957/
糖醋里脊超嫩鸡胸肉版,鸡胸肉、淀粉、蒜、白胡椒、盐、鲜味酱油、糖,8.2,http://www.xiachufang.com/recipe/104486480/
最简单的红烧排骨【你肯定会！！！】,排骨、鸡蛋、生抽、白糖、黄酒、姜片、香叶、桂皮,8.2,http://www.xiachufang.com/recipe/104038857/
简单又好吃的蒸蛋,鸡蛋、味极鲜、食用油、葱花、蒸鱼豉油、橄榄油或芝麻油,7.9,http://www.xiachufang.com/recipe/104306457/
巨美味的椒盐小酥肉❗秒杀火锅店，外酥里嫩❗,里脊肉、鸡蛋、玉米淀粉、普通面粉、水、椒盐➕辣椒面➕白芝麻,8.4,http://www.xiachufang.com/recipe/104290544/
快手～鲜虾豆腐,盒装豆腐、鲜虾、蒜末、香菜末、盐、鸡粉、白糖、白胡椒粉,7.7,http://www.xiachufang.com/recipe/103933064/
焖蒜香鸡翅,鸡翅、土豆、胡萝卜、辅料：、大蒜、生抽、老抽、白胡椒粉、糖、盐（腌鸡翅用）、料酒、葱姜、盐（炒土豆和胡萝卜用）、食用油、水,8.5,http://www.xiachufang.com/recipe/104221571/
连吃三晚的肉末豆腐蒸蛋，全家一致好评❗️,鸡蛋、肉末、鸡蛋豆腐、料酒、生抽、白砂糖、鸡精、葱、蒸鱼豉油,8.2,http://www.xiachufang.com/recipe/104568058/
盐焗鸡爪（水煮脆皮版）,鸡爪、盐焗鸡粉、黄栀子、姜,0,http://www.xiachufang.com/recipe/104595494/
超级好吃的炖羊排,羊排、胡萝卜、番薯、土豆、年糕、香叶、八角、桂皮、干辣椒、大蒜籽、生姜、青红辣椒、大蒜、冰糖、盐、老酒、鸡精、老抽、生抽,8.9,http://www.xiachufang.com/recipe/104177381/
快手脆皮鸡腿,鸡大腿、盐、孜然辣椒,8.6,http://www.xiachufang.com/recipe/104168675/
香煎豆腐（好吃到姥姥家）,豆腐（不是盒装）、鸡蛋、蒜瓣、生抽、蚝油、白糖、葱、胡椒粉、小米椒、清水,8.1,http://www.xiachufang.com/recipe/104150659/
耗油生菜,生菜、蒜、食用油、调汤汁的佐料、蚝油、味极鲜酱油、料酒、黑胡椒、白糖、鸡精、水、白芝麻,7.5,http://www.xiachufang.com/recipe/104119318/
鱼头泡饼炖鱼头（家庭版旺顺阁）,胖头鱼鱼头、五花肉、黄豆酱、豆瓣酱、蚝油、料酒、生抽、老抽、醋、糖、盐、葱姜蒜、花椒、大料、干辣椒、香叶肉蔻等、香菜,8.9,http://www.xiachufang.com/recipe/103939232/
小白的自制凉皮(水洗版),水、盐、高筋面粉,8.3,http://www.xiachufang.com/recipe/104053835/
超详细简单上手烤红薯（烤箱版）,红薯、锡纸、烤箱、制作时间,8.6,http://www.xiachufang.com/recipe/104174896/
啫啫鱼煲,鱼（或鸡肉）、大蒜、姜、葱、葱花、生抽、蚝油、料酒、糖、盐、白胡椒粉、淀粉、食用油,8.7,http://www.xiachufang.com/recipe/104150365/
肥牛土豆拌饭,肥牛卷、土豆、洋葱、调料、生抽、蚝油、黑胡椒酱、老抽、料酒、白砂糖、食盐,8.7,http://www.xiachufang.com/recipe/104207346/
鸡翅根烧土豆好吃到爆,鸡翅根、土豆、葱、姜片、蒜瓣、盐、八角、桂皮、香叶、冰糖、红辣椒、料酒、生抽、老抽、蚝油,0,http://www.xiachufang.com/recipe/104588035/
川味白砍鸡（口水鸡）,三黄鸡、小葱、老姜、花椒粒、料酒、黄瓜（或豆芽）、油辣子、小米辣、大蒜、生抽、醋、白糖、原汤（煮鸡的汤）、香油、花椒油、花椒粉、盐、冰块、冷开水、味精、熟白芝麻、熟花生碎,8.3,http://www.xiachufang.com/recipe/103913977/
素炒什锦菜（炒合菜）,绿豆芽、韭菜、鸡蛋、包菜、木耳、粉丝、大葱、盐、生抽、蚝油、老抽、十三香、鸡精,8.1,http://www.xiachufang.com/recipe/104073698/
东北烧茄子,茄子、尖椒、番茄、湿淀粉、酱汁配方、葱、姜末、大蒜、海鲜酱油、糖、鸡精、醋、蚝油、湿淀粉、清水、盐,8.5,http://www.xiachufang.com/recipe/103916666/
🔥香辣啤酒卤鹌鹑蛋❗️㊙️一口一个好吃到爆❗️,鹌鹑蛋、蒜，生姜、豆瓣酱、香叶、八角、花椒、冰糖、干辣椒、生抽、老抽、蚝油、啤酒,8.3,http://www.xiachufang.com/recipe/104478627/
新疆特色大盘鸡（附加皮带面做法）,鸡腿、土豆、糖、干辣椒、八角、香叶、花椒、青椒、生抽、料酒、生姜、大蒜、盐,8.4,http://www.xiachufang.com/recipe/104360015/
简单几步就能做出正宗酱牛肉（附卤蛋的做法）,牛腱子、料酒、姜、葱、生抽/酱油、甜面酱、豆腐乳、盐、八角、桂皮、香叶、小茴香、花椒、洋葱、草果,8.6,http://www.xiachufang.com/recipe/104101304/
香酥炸蘑菇,平菇、面粉、鸡蛋、盐、五香粉、花椒粉、黑胡椒粉,8.5,http://www.xiachufang.com/recipe/104127909/
让莲藕的清香和肉的醇香在唇齿间跳动,藕、猪肉馅、葱、姜、蒜、香菜、食盐、胡椒粉、面粉、鸡蛋,0,http://www.xiachufang.com/recipe/104568497/
泡发过几百斤花胶的海味店掌柜分享花胶泡发技巧😘（30-35头）,花胶、姜、料酒（可以不要）,8.8,http://www.xiachufang.com/recipe/104152768/
丝瓜毛豆,毛豆一盒、丝瓜、油、盐、虾皮、蒜片,1,http://www.xiachufang.com/recipe/104587465/
豪华炸酱面-甜香黄磊版,甜面酱、黄豆酱、水、肉、葱、姜、糖、菜码、黄豆、黄瓜、秋葵、豆芽、芹菜、面条,8.6,http://www.xiachufang.com/recipe/103910958/
快速剥葡萄皮方法（吃得卫生.安全.健康）,大粒葡萄、冰水、热水,2,http://www.xiachufang.com/recipe/104044674/
和饭店一个味道的干锅花菜,花菜、肥五花、青红线椒、姜，大蒜、芹菜、料酒、盐、耗油、生抽,7.9,http://www.xiachufang.com/recipe/104293382/
台式三杯鸡,鸡大腿、胡麻油、九层塔、老抽、金兰酱油膏、冰糖、姜、蒜、红标米酒、小米辣,7.7,http://www.xiachufang.com/recipe/104064442/
鲜到起飞的菌菇汤！不好喝不要钱！,平菇、杏鲍菇、香菇、口蘑、褐菇、茶树菇、海鲜菇、金针菇、虫草花、姜、枸杞、茶籽油、盐、温水,8.1,http://www.xiachufang.com/recipe/104175781/
一口一个超过瘾的珍珠丸子,糯米（最好过夜泡好）、肉馅、葱花、鸡蛋、耗油、生抽、香油、十三香、糖、淀粉,13,http://www.xiachufang.com/recipe/104405373/
手撕椒麻鸡,鸡腿、香菜、蒸鱼豉油、生抽、盐、青椒、蒜、姜、料酒、花椒、麻椒、鸡精、糖、小米辣、芝麻、醋,8.5,http://www.xiachufang.com/recipe/104384347/
酱油鸡,鸡、姜、酱油、水、糖,8.1,http://www.xiachufang.com/recipe/103970317/
汤浓味美的黄骨鱼豆腐汤,黄骨鱼中等个头、南豆腐（嫩豆腐）、盐、料酒、生姜、大蒜,0,http://www.xiachufang.com/recipe/104595441/
方便好吃到尖叫的大韭菜饼（比其他韭菜盒子都好吃）,普通面粉、随便能吃的油、韭菜、鸡蛋、水、盐、鸡精、直愣愣光滑圆润的擀面杖,8.5,http://www.xiachufang.com/recipe/103954257/
水煮牛肉（做法简单一学就会）,牛肉、豆芽、白菜、芹菜、小葱、大蒜、郫县豆瓣酱、辣椒粉、盐、老抽、淀粉、菜籽油,8.5,http://www.xiachufang.com/recipe/104332616/
超下饭的炒金针菇！！,金针菇、蒜、姜、（涪陵）榨菜、剁椒、老干妈、白水、水淀粉、小葱,7.7,http://www.xiachufang.com/recipe/104402159/
超级好吃下酒的炖鸡爪子,鸡爪、焯水用料酒、冰糖、葱段、姜片、炝锅大蒜、料酒、生抽、老抽、黄豆酱油、蚝油、收汤用大蒜、开水,8.6,http://www.xiachufang.com/recipe/104205688/
㊙️连汤都想喝掉的‼️酸汤牛肉馅饺子‼️酸辣开胃,牛肉、饺子皮、葱姜水、姜末大葱末、十三香、生抽、蚝油、盐、鸡蛋、香油、料酒、花椒粉、葱花、鸡精、辣椒油、白胡椒粉、白芝蔴、香油、生抽、香醋、白糖、虾皮、紫菜、香菜、盐（根据个人口味）,8.6,http://www.xiachufang.com/recipe/104094152/
鲜香嫩滑的虾仁滑蛋,虾仁、鸡蛋、盐、料酒、白胡椒碎、牛奶,7.3,http://www.xiachufang.com/recipe/103951278/
不油炸，素炒四季豆,四季豆、干辣椒、青辣椒、大蒜、葱、油、蚝油、生抽、盐、鸡精,1,http://www.xiachufang.com/recipe/104583444/
【烤箱版】蒜蓉茄子，惊艳家人的味蕾,茄子、食用油、孜然粉、蒜、黑胡椒粉、辣椒粉、生抽、蚝油、白糖、小葱、小米椒,8.6,http://www.xiachufang.com/recipe/104269102/
香辣豆皮,生抽、豆皮、辣椒粉、蒜、白芝麻、糖、小米辣、蚝油、孜然、小葱,8.0,http://www.xiachufang.com/recipe/104503447/
下火饮-柠檬西洋菜蜜,西洋菜、水、黄糖、蜂蜜、柠檬,1,http://www.xiachufang.com/recipe/104592539/
咸鲜可口的青红椒炒鸡丁,鸡胸、青红椒、姜葱蒜、料酒、淀粉、生抽、老抽、蚝油、盐糖,8.2,http://www.xiachufang.com/recipe/104147113/
可乐鸡翅,鸡翅（翅中最佳）、可乐、盐、料酒、老抽、生抽、生姜片（可有可无，有则更好）、桂皮（可有可无，有则更好）,8.2,http://www.xiachufang.com/recipe/1000229/
孜然土豆🥔自己做的放心吃,小土豆、孜然、盐、辣椒面、葱花、十三香没有可不加、蒜蓉辣酱没有可不加,1,http://www.xiachufang.com/recipe/104587861/
反沙芋头,芋头、糖、水、葱花,8.0,http://www.xiachufang.com/recipe/104146027/
干煸手撕杏鲍菇,杏鲍菇、大蒜、姜、辣椒粉、孜然粉、生抽或味极鲜酱油、盐、白糖、玉米油、芝麻,8.3,http://www.xiachufang.com/recipe/103925959/
红烧牛腩煲,牛腩、姜、牛腩炖料(八角丁香草果胡椒粒桂皮陈皮等等)、生抽、老抽、耗油、冰糖、料酒、水、淀粉水,8.4,http://www.xiachufang.com/recipe/103816422/
凉拌千张丝,千张皮、香菜、大蒜、香油、白糖、生抽、醋、胡萝卜、黑木耳、料油、橄榄油、美人椒、葱、花生、白芝麻,8.0,http://www.xiachufang.com/recipe/103894944/
三步搞定最爱的干锅牛蛙,牛蛙、盐料酒胡椒粉淀粉、土豆莴笋藕、葱姜蒜干胡椒花椒、生抽糖料酒、豆瓣辣酱/火锅底料、香菜芝麻,8.5,http://www.xiachufang.com/recipe/104398499/
上汤豆苗（从培植开始）,豌豆、豆苗培植盆、咸蛋黄、蒜头、姜片、瘦肉沫、盐、鸡精、食用油、清水、玉米淀粉,1,http://www.xiachufang.com/recipe/104594354/
咖喱牛腩（懒人终极版）,牛腩、姜、大葱、香叶、花椒、八角、分割线——、土豆、胡萝卜、椰浆/纯牛奶、洋葱、咖喱块,8.3,http://www.xiachufang.com/recipe/104091526/
金沙玉米🌽,玉米、咸蛋黄、淀粉、白糖、鸡蛋,7.8,http://www.xiachufang.com/recipe/104210657/
超上瘾的麻酱流汁宽粉,宽粉、调制汁配料、葱蒜沫、芝麻、花生碎、麻酱、水、油、耗油、生抽、香醋、白糖,8.4,http://www.xiachufang.com/recipe/104189540/
豆芽炒蛋🥚,豆芽、鸡蛋、韭菜、粉丝、葱、生抽、老抽、蚝油、盐、鸡精,0,http://www.xiachufang.com/recipe/104595386/
家庭版锅包肉,姜、料酒、里脊、糖、盐、淀粉、香菜、胡萝卜、米醋、鸡精,0,http://www.xiachufang.com/recipe/104581921/
吮指蒜香椒盐虾,明虾、葱、蒜、辣椒、花椒粉、盐、鸡精、食用油,8.5,http://www.xiachufang.com/recipe/104309261/
外婆教我的红烧鸡翅·连汤汁都狠好吃！！！,鸡翅中、冰糖、料酒、蚝油、生抽、老抽、葱姜蒜、辣椒,8.2,http://www.xiachufang.com/recipe/104264196/
凉拌洋葱木耳,太太乐原味鲜头道特级鲜酱油、木耳、洋葱、红绿杭椒、大蒜瓣、熟芝麻或花生碎、香菜、花椒、干红辣椒、香醋、糖、玉米油、小磨麻油,8.6,http://www.xiachufang.com/recipe/104125122/
就是这个味儿！上海熏鱼（爆鱼）,草鱼、姜段+葱片、冰糖、蚝油、料酒、生抽、醋、蜂蜜、老抽、水、八角、香叶、花椒粒、桂皮,8.4,http://www.xiachufang.com/recipe/104142227/
黄瓜🥒炒火腿,黄瓜、火腿肠、盐、小米椒、蒜、植物油,0,http://www.xiachufang.com/recipe/104590136/
小炒鸡腿肉,鸡腿、料酒、淀粉、线椒、小米椒、蒜、姜、花椒麻椒、青蒜、生抽、豆瓣酱、豆豉、盐、糖,2,http://www.xiachufang.com/recipe/104589363/
妈妈教我做的素鸡（素鸡软糯有秘密）,素鸡、生抽、老抽、糖、八角、葱,8.2,http://www.xiachufang.com/recipe/104098603/
油焖大虾,对虾、姜、蒜、香葱、白糖、生抽、料酒、盐,8.7,http://www.xiachufang.com/recipe/266791/
跟妈妈偷学的芋儿鸡，老公说可以去开店了,鸡腿、芋头、蒜、姜、葱段、青红椒、花椒、干辣椒、八角、郫县豆瓣、生抽、老抽、糖、盐,8.4,http://www.xiachufang.com/recipe/104185785/
地三鲜,茄子、土豆、青椒、盐、水淀粉、生抽、老抽、耗油、糖、葱、蒜,3,http://www.xiachufang.com/recipe/104388018/
🔥从来没失败过的拔丝地瓜（看不到地瓜块儿的拔丝地瓜）🔥,红薯、白糖、凉水、油,8.1,http://www.xiachufang.com/recipe/104340570/
清蒸桂花鱼(鳜鱼)，适合各种清蒸鱼，超级鲜美,桂花鱼、葱、姜、蒜、青椒、料酒、盐、糖、生抽、油、蒸鱼豉油,8.3,http://www.xiachufang.com/recipe/104119887/
萝卜丝馅超多菜团子！多吃蔬菜,萝卜、细玉米面、耗油，甜面酱，盐，酱油,1,http://www.xiachufang.com/recipe/104581886/
好吃的炖鸡腿，孩子吃了停不下来的那种,鸡翅根、葱、姜、蒜、白糖、酱油、老抽、料酒、盐、花椒、大料,8.6,http://www.xiachufang.com/recipe/104200701/
儿子能吃满满一碗饭的肉末豆角,豆角、猪肉、胡萝卜、红辣椒、洋葱、盐、猪油、白糖、料酒、蚝油、生抽、老抽、味精,7.9,http://www.xiachufang.com/recipe/103918950/
✅比肉还好吃的金针菇豆皮卷✨低卡减脂家常菜💁🏻‍♀️,金针菇、豆皮、蒜、生抽、蚝油、老抽、糖、盐、牙签,2,http://www.xiachufang.com/recipe/104571870/
香辣鸡煲,鸡、大青椒、洋葱、香菇、姜、大蒜、葱段、干辣椒、花椒、豆瓣酱、生抽、老抽、料酒、白糖、盐、鸡精、胡椒粉、啤酒,8.2,http://www.xiachufang.com/recipe/103903861/
香菇酿肉,新鲜香菇、肉馅、虾仁、淀粉、生抽、盐、鸡汁/蚝油、胡椒粉,8.2,http://www.xiachufang.com/recipe/104040798/
相扑锅,鸡肉丸、琵琶腿、洋葱、香葱、鸡蛋、生抽、芝麻油、白芝麻、白味增、蚝油、白胡椒粉、盐糖、生粉/玉米淀粉、汤底、白味增、清酒、生抽、味淋、盐、香葱、生姜、肥牛片、大白菜、茼蒿、老豆腐、洋葱、金针菇、蟹味菇、胡萝卜,8.6,http://www.xiachufang.com/recipe/104135760/
🐷青椒五花肉🐷,五花肉、青椒、大蒜、洋葱、调料🧂、料酒、老干妈、生抽、蚝油、盐、糖,8.1,http://www.xiachufang.com/recipe/103947189/
清蒸鲈鱼，三步搞定！,鲈鱼、盐、料酒、蒸鱼豉油、姜、小葱、青红椒,8.1,http://www.xiachufang.com/recipe/103966452/
红烧鸡爪,鸡爪、料酒、姜、蒜、花椒、干辣椒、八角、食用油、盐、冰糖、生抽、老抽、水,0,http://www.xiachufang.com/recipe/104593232/
奶白鲫鱼豆腐汤|一条鱼最后的温柔,鲫鱼、豆腐、香葱、姜、盐,8.1,http://www.xiachufang.com/recipe/104105293/
别找了，这才是【鱼香肉丝】百试百灵的方子！,瘦肉丝、红萝卜、青椒、木耳、葱、【万能鱼香汁】、【腌肉料】,8.2,http://www.xiachufang.com/recipe/103924989/
西葫芦炒蛋,西葫芦、鸡蛋、葱花、生抽、耗油、盐,7,http://www.xiachufang.com/recipe/104458441/
孩子能吃两碗饭的一道菜,鲍鱼、老鸡、五花肉、花胶、姜、蒜、大葱、胡椒粒、盐、冰糖、生抽老抽、鸡粉,1,http://www.xiachufang.com/recipe/104046273/
绝对美味的孜然杏鲍菇,杏鲍菇、孜然粒、蒜、生抽、老抽、蚝油、糖、孜然粉、辣椒粉,8.7,http://www.xiachufang.com/recipe/104558828/
麻辣香锅（超简易版）,看下面,2,http://www.xiachufang.com/recipe/104568965/
超级下饭的鱼香炒鸡蛋,鸡蛋、青椒、胡萝卜、木耳、蒜、大葱、生抽、老陈醋、蚝油、水淀粉、白砂糖、清水,8.4,http://www.xiachufang.com/recipe/104358019/
好吃的鸡排（和某某鸡排没什么区别）,鸡胸肉、料酒、盐、糖、鸡蛋、面包糠、淀粉,0,http://www.xiachufang.com/recipe/104580219/
虾仁滑蛋（嫩嫩的😀）,虾仁、鸡蛋、盐、料酒、白胡椒粉、牛奶、油,0,http://www.xiachufang.com/recipe/104587854/
酸辣鸡脚,鸡脚、生抽、醋、香油、小米椒、香菜、蒜、白糖、料酒、姜、柠檬🍋,8.4,http://www.xiachufang.com/recipe/103906944/
自制奶茶（爱喝这一杯的，不用去奶茶店了）,牛奶、红茶包、龟苓膏,7.7,http://www.xiachufang.com/recipe/104026702/
超受欢迎的五香酱牛肉,牛腱、姜、香葱、八角、花椒、桂皮、香叶、小茴香、白芷、干山楂、甘草（没有可不放）、干辣椒、料酒、生抽、白糖、老抽、黄豆酱、蚝油、鸡精,8.2,http://www.xiachufang.com/recipe/104033191/
香辣过瘾的孜然土豆火腿，比路边摊还好吃,土豆、火腿肠、生抽、孜然粉、辣椒粉、白芝麻、孜然粒、糖、盐、葱花,7.6,http://www.xiachufang.com/recipe/104359455/
一片能吃一碗饭的《五香猪耳朵》,猪耳朵、八角、桂皮、姜、蒜、老抽、生抽、料酒、盐、糖、鸡粉、花生油、葱,7.7,http://www.xiachufang.com/recipe/103835722/
酸豆角爆炒鸡胗,鸡胗、酸豆角、蒜头、姜、青椒，红椒、生抽，蚝油，盐，糖、小米椒,0,http://www.xiachufang.com/recipe/104594769/
快手懒人版葱油饼❗️㊙️简单易做❗️超级酥脆❗️,饺子皮、小葱、盐、黑胡椒粉、食用油,7.5,http://www.xiachufang.com/recipe/104272310/
炸香椿（香椿芽最好吃的做法）,香椿、鸡蛋、面粉、盐、水（调面糊用）、生抽,8.6,http://www.xiachufang.com/recipe/104422790/
三色白菜猪肉水饺,猪肉糜、大白菜、盐、葱末、姜末、饺子皮、家乐老母鸡汤口味浓汤宝、料酒、生抽、白胡椒粉、植物油,8.4,http://www.xiachufang.com/recipe/104216790/
灯笼虾（简易版）,40-50型号泰国熟香虾、土豆、红椒、胡萝卜、玉米粒、豌豆、黑胡椒、沙拉酱,8.4,http://www.xiachufang.com/recipe/104234184/
肉末蒸蛋爱心早餐,鸡蛋、猪肉、海天味极鲜、蒸鱼豉油、葱花、熟油、芝麻油,0,http://www.xiachufang.com/recipe/104577676/
酱炒杏鲍菇,杏鲍菇、鸡胸肉、青椒、胡萝卜、洋葱、蒜、淀粉、盐、糖、黑胡椒、蚝油、生抽、香油,0,http://www.xiachufang.com/recipe/104564951/
一吃就停不下来の麻辣口水鸡🐤,鸡腿、食用油、姜、葱、料酒、生抽、醋、白砂糖、盐、辣椒粉、白芝麻、小米椒、香菜、蒜,8.3,http://www.xiachufang.com/recipe/104039955/
会上瘾的照烧鸡腿饭,鸡腿、料酒、黑胡椒、姜、盐、酱汁配料、水、蜂蜜、生抽、老抽、料酒、耗油、白芝麻、西兰花、胡萝卜,8.3,http://www.xiachufang.com/recipe/104176938/
不用上汤的上汤芦笋（简约版）,芦笋、皮蛋、蒜瓣、盐、鸡精,8.5,http://www.xiachufang.com/recipe/104358267/
不一样的槐花炒鸡蛋素食,洋槐花、鸡蛋、盐、白胡椒粉、食用油,1,http://www.xiachufang.com/recipe/104594246/
瑶柱干贝蒸蛋（嫩滑鲜香）,鸡蛋、干贝、小葱、香油、生抽、黄酒（料酒）、姜丝,0,http://www.xiachufang.com/recipe/104600698/
去年的梅今年的酱,青梅酒剩下的青梅,0,http://www.xiachufang.com/recipe/104600681/
酱油鸡,鸡、水、冰糖、葱、姜、老抽、酱油、沙姜,0,http://www.xiachufang.com/recipe/104600622/
电饭煲芋艿炖翅根,鸡翅根、老抽、生抽、料酒、盐、洋葱、姜、大蒜、蜂蜜、黑胡椒、芋艿,0,http://www.xiachufang.com/recipe/104600606/
香喷喷的冬菇木耳“蒸鸡饭”,鸡肉、干红葱头、花生油、盐、酱油、耗油、冬菇、木耳、红枣、鸡粉、姜,0,http://www.xiachufang.com/recipe/104600603/
🥒简单的减脂掉秤便当呀🍱,蔬菜、鸡肉、牛肉、鸡蛋,7,http://www.xiachufang.com/recipe/104164934/
100天不重复、减肥保持期的每日快手便当记录【持续更新】,🍎🍌🍇🍓🍒🥦🥑🍆🍅🥝🥬🌶🌽🥕🥬🧄🧅🥔🍠🥯🥓🍗🍖🥨🍞🌭🍕🍣🍜🥗🦪🥟,4,http://www.xiachufang.com/recipe/104499350/
西兰花真的很脏，你洗干净了吗？（已更新油菜的清洗方法）,西兰花、橄榄油、蒜、盐、小葱,13,http://www.xiachufang.com/recipe/104257369/
超级下饭的家常豆腐,北豆腐（老豆腐）、木耳、胡萝卜、青椒、葱、蒜、郫县豆瓣酱、豆豉、料汁：、生抽、糖、蚝油、水淀粉,8.3,http://www.xiachufang.com/recipe/104387445/
蒸蒸日上,鸡蛋、日本豆腐、大虾、大葱、生姜、红椒、蒸鱼豉油、盐,7.8,http://www.xiachufang.com/recipe/104221167/
【完美早餐】三分钟快手蛋饼【无和面无揉面】,鸡蛋、面粉、杂粮面（如绿豆面、黄豆面等）、饮用水、奶粉（糖也行）、黑芝麻、腐乳、甜面酱、韭菜花（生抽也行）、糖、葱丝,1,http://www.xiachufang.com/recipe/104592676/
番茄肥牛汤,肥牛卷、西红柿、盐、蒜、姜、葱、白胡椒粉、生抽、蚝油,7.7,http://www.xiachufang.com/recipe/104134159/
🔥吃不胖❗️蒜蓉粉丝龙利鱼❗️,龙利鱼或巴沙鱼、粉丝、大蒜、金针菇、小米椒,8.0,http://www.xiachufang.com/recipe/103892661/
自制烤肉（超简单，超好吃）,牛肉、鸡蛋、烧烤料等调料、生菜,8.7,http://www.xiachufang.com/recipe/104241365/
鸡胸还可以这样吃~麻辣香,鸡胸肉、杏鲍菇、白芝麻、辣椒面、耗油、生抽、老抽、十三香、料酒、藤椒油、白糖、老姜、菜籽油,8.0,http://www.xiachufang.com/recipe/104084283/
新手都会做的电饭煲焖饭,胡萝卜、玉米、豌豆、腊肠、土豆、喜欢的食材、耗油、生抽、芝麻油、西红柿、盐,0,http://www.xiachufang.com/recipe/104562005/
『家庭版炒合菜』,鸡蛋、韭菜、红薯粉丝、绿豆芽or黄豆芽、生抽、老抽、蚝油、盐、糖、鸡精、小米椒、蒜,7.8,http://www.xiachufang.com/recipe/104177124/
停不下来快手韩式拌杂菜,鸡蛋、胡萝卜、菠菜、干香菇、干木耳、洋葱、猪肉糜、生姜、料酒、粉条、豆芽、酱汁、酱油、芝麻油、糖（不爱甜放半勺）、盐、芝麻、日式拌饭芝麻海苔、黑胡椒,8.7,http://www.xiachufang.com/recipe/104060709/
吃不够的蒜香鸡腿,鸡腿肉、蒜末、盐、生抽、干辣椒、青椒、玉米淀粉,8.3,http://www.xiachufang.com/recipe/104194839/
测试n次，我终于做出了比杨国福还好吃的麻辣烫！,纯牛奶、水、葱姜蒜、火锅底料、生抽、芝麻酱、糖、盐、蚝油、五香粉、喜欢的各种蔬菜、肉类、豆制品、丸子、醋、蒜汁,8.5,http://www.xiachufang.com/recipe/103958275/
手抓饼新吃法-火腿可颂🥐-酥皮迷你小热狗,手抓饼、火腿肠、蛋黄、黑白芝麻,3,http://www.xiachufang.com/recipe/104593659/
这绝对是秋葵颜值最高的做法，好看又好吃，端上桌最先光盘,土豆、秋葵、胡椒粉、食用盐、生抽、蚝油、淀粉,8.3,http://www.xiachufang.com/recipe/104092534/
快手～鲜虾豆腐,盒装豆腐、鲜虾、蒜末、香菜末、盐、鸡粉、白糖、白胡椒粉,7.7,http://www.xiachufang.com/recipe/103933064/
绝密！8分钟，8块钱，吃8天的正宗欧包loaf来了！,面粉、盐（可根据自己喜好适量减少）、酵母、水,9.0,http://www.xiachufang.com/recipe/103924833/
10分钟快手菜，巨下饭的肉沫粉丝煲,肉沫、红薯粉丝、姜、蒜、小葱、小米辣、郫县豆瓣酱、老抽、生抽、耗油、糖、盐、清水,8.0,http://www.xiachufang.com/recipe/104412109/
百吃不厌糖醋里脊/快手菜,里脊肉、盐、白胡椒粉料酒生姜水、蛋清、生粉/淀粉、番茄酱、白糖、白芝麻,7.9,http://www.xiachufang.com/recipe/104184660/
晚饭吃什么最家常最简单最好吃集合,随意,19,http://www.xiachufang.com/recipe/104074424/
5分钟上桌的蚝油生菜,生菜、蒜、盐、生抽、蚝油、白糖、油、具体量见下文,8.0,http://www.xiachufang.com/recipe/104225119/
香菇滑鸡,鸡腿肉、香菇、红薯淀粉、美人椒、姜、蒜片、盐、生抽、糖,8.0,http://www.xiachufang.com/recipe/104130775/
手把手教你五分钟快手油焖虾,明虾、食用油、料酒、盐、老抽、生抽、糖、姜、大葱、小葱、醋,8.1,http://www.xiachufang.com/recipe/103952251/
快手早餐【拉丝土豆】，学会了每天能多睡1小时！,土豆、糯米粉、细砂糖、鸡蛋、盐、马苏里拉芝士、玉米油,0,http://www.xiachufang.com/recipe/104593018/
椒盐杏鲍菇,杏鲍菇、鸡蛋、盐、面粉、玉米淀粉、五香粉、油,8.7,http://www.xiachufang.com/recipe/104275446/
【巨下饭的鱼香鸡蛋+万能鱼香汁配方】,鸡蛋、胡萝卜、青椒、木耳、姜、蒜,8.3,http://www.xiachufang.com/recipe/104488629/
捞汁小海鲜麻辣,海鲜、下面是捞汁用到的、味精、料酒、寿司酱油、白糖可增减、九珍凉拌汁、水、红油可以选用顿可香辣红油。也可自己制作。、小米辣椒、料酒,9.2,http://www.xiachufang.com/recipe/103862247/
健康低脂凉拌菜—菠菜可以这样吃,菠菜、鸡蛋、花生、香油、盐、蒜、蚝油、白芝麻,7.8,http://www.xiachufang.com/recipe/104068553/
葱油鸡（姜葱鸡）简单做法全，详细到没下过厨都会做,鸡、葱、红葱头、姜、生抽、盐、白胡椒粉,8.0,http://www.xiachufang.com/recipe/104362166/
空气炸锅包浆豆腐,包浆豆腐、辣椒面、花椒粉、盐、花生碎、折耳根（鱼腥草）、大头菜/榨菜、小葱、食用油,9.4,http://www.xiachufang.com/recipe/104405711/
孜然火腿土豆丁,土豆、火腿、孜然粉、辣椒粉、白芝麻、盐、生抽,7.7,http://www.xiachufang.com/recipe/104358524/
茄汁豆腐,豆腐、鸡蛋、番茄、小葱、蒜、姜、生抽、蚝油、淀粉、盐、清水、胡椒粉,7.6,http://www.xiachufang.com/recipe/104570623/
鱼香肉丝,猪腿肉、泡椒、姜、蒜、葱、水发木耳、胡萝卜、白糖、香醋(保宁醋/镇江香醋)、老抽、生抽、盐、清汤、淀粉,8.3,http://www.xiachufang.com/recipe/1010097/
黄瓜炒鸡蛋,鸡蛋4、黄瓜1、油适量、盐适量,1,http://www.xiachufang.com/recipe/104581458/
莲藕肉丸子~,猪肉馅、莲藕、鸡蛋、甘汁园玉米淀粉、葱花、生抽、蚝油、胡椒粉、盐,7.8,http://www.xiachufang.com/recipe/104127926/
㊙️一学就会🍗鲜香诱人的葱油鸡腿,鸡腿、姜末、葱末、料酒、盐、葱花,8.8,http://www.xiachufang.com/recipe/104457683/
焦香洋葱口蘑蛋焗欧包【健康一锅端】,白洋葱、口蘑、味淋、水、盐、爱乐甜零卡糖、木鱼花、海鲜酱油、生食蛋、欧包、帕玛森干酪或马苏里拉奶酪、欧芹碎、现磨黑胡椒,9.6,http://www.xiachufang.com/recipe/104215544/
火山土豆泥,土豆、混合蔬菜粒、肉末、水发香菇、姜蒜末、黑胡椒粉、盐、糖、生抽、老抽、蚝油、水淀粉,8.2,http://www.xiachufang.com/recipe/104078855/
豌豆这样做孩子大人都抢着吃,新鲜豌豆米、瘦肉、生抽，盐，生粉,7.9,http://www.xiachufang.com/recipe/104431768/
蒜蓉蒸金针菇,金针菇、蒜、色拉油、盐、鲜味生抽、麻油、葱花、糖,8.4,http://www.xiachufang.com/recipe/100464836/
（无敌详细）做了四十年闽南咸饭的奶奶的秘方,大米（这里推荐泰国香米哦）、干香菇、肥瘦1:1刚好的五花肉、胡萝卜、葱花、酱油（生抽）、料酒、盐、鸡精,8.2,http://www.xiachufang.com/recipe/103966107/
快手脆皮鸡腿,鸡大腿、盐、孜然辣椒,8.6,http://www.xiachufang.com/recipe/104168675/
腊味煲仔饭，20分钟饭菜同出,籼米（粘米）、广式腊肉、广式腊肠、猪油（或其他油脂）、花生油（或其他油脂）、广东菜心（或其他青菜）、小葱、=====配置酱油=====、砂糖、开水、耗油、生抽、鱼露、老抽（调节成品颜色）,9.1,http://www.xiachufang.com/recipe/104111669/
不油炸，素炒四季豆,四季豆、干辣椒、青辣椒、大蒜、葱、油、蚝油、生抽、盐、鸡精,1,http://www.xiachufang.com/recipe/104583444/
虾仁滑蛋（嫩嫩的😀）,虾仁、鸡蛋、盐、料酒、白胡椒粉、牛奶、油,0,http://www.xiachufang.com/recipe/104587854/
连吃三晚的肉末豆腐蒸蛋，全家一致好评❗️,鸡蛋、肉末、鸡蛋豆腐、料酒、生抽、白砂糖、鸡精、葱、蒸鱼豉油,8.2,http://www.xiachufang.com/recipe/104568058/
十分钟就能吃上的超简单油泼面,刀削面、油菜、小葱、大蒜、食用油、生抽、陈醋、糖、麻油、香油、调味儿辣椒粉,8.4,http://www.xiachufang.com/recipe/104129250/
秒杀吉野家的照烧肥牛,肥牛、洋葱、胡萝卜、蒜片、白糖、生抽、蚝油、淀粉、黑椒粒,8.1,http://www.xiachufang.com/recipe/104033524/
全世界最简单好吃的可乐鸡翅一年级小朋友都会做的可乐鸡翅出锅全家抢着吃,鸡翅、可乐、白胡椒、料酒、盐、老抽、冰糖,8.3,http://www.xiachufang.com/recipe/104103478/
快手汉堡牛肉饼🍔,牛肉（我用麦德龙买的皓月冰鲜牛臀肉）、洋葱（去腥提味，不吃就不放。）、牛奶（我用的荷高有机全脂）、盐、黑胡椒、黄油（我用的法国总统）、面包屑（我是烤干了一点自己做的欧包捏碎碎了放进去的，你用买的面包糠最方便）,8.7,http://www.xiachufang.com/recipe/104185220/
🐜蚂蚁上树丨能下3碗米饭🍚肉末粉丝,肉末、红薯粉丝、豆瓣酱、蒜、老抽、蚝油、生抽、姜、清水、青红椒,8.5,http://www.xiachufang.com/recipe/104342736/
2分钟就能做好的《凉拌拍青瓜》,青瓜、辅料：蒜头/小米辣/香菜、调料：陈醋/酱油/香油/辣椒油,8.4,http://www.xiachufang.com/recipe/104573438/
越吃越瘦的超美味巧克力雪糕,蛋黄、赤癣糖醇、奶油奶酪、可可粉、LILYS黑巧克力（可替换百分之90以上的黑巧）、淡奶油、水,9.0,http://www.xiachufang.com/recipe/103871244/
凉拌三丝,胡萝卜、黄瓜、金针菇、醋、大蒜、姜、花椒油、耗油、香菜、葱葱、味精、鸡精、酱油、油辣椒,0,http://www.xiachufang.com/recipe/104594526/
干煸手撕杏鲍菇,杏鲍菇、大蒜、姜、辣椒粉、孜然粉、生抽或味极鲜酱油、盐、白糖、玉米油、芝麻,8.3,http://www.xiachufang.com/recipe/103925959/
可以喝的健康麻辣烫,随便一个火锅底料、牛奶、芝麻酱、葱段、大蒜、盐、鸡精、蚝油,8.3,http://www.xiachufang.com/recipe/104085516/
【夏日轻食】蒸桃子（4种吃法）,桃子、糖（冰糖）,9.0,http://www.xiachufang.com/recipe/103938649/
好吃到尖叫的酸辣鸡爪,鸡爪、生姜、料酒、大蒜、辣椒、盐、柠檬、冰糖、生抽、蚝油、米醋、陈醋、白糖、芝麻香油,8.1,http://www.xiachufang.com/recipe/104221421/
京酱肉丝,里脊肉、大葱、豆腐皮、甜面酱、料酒、盐、生粉、老抽、白糖、鸡精,8.1,http://www.xiachufang.com/recipe/103981558/
超简单&简易炸猪排,猪里脊肉、鸡蛋、面包糠、葱、盐、料酒、味精、白胡椒粉、蕃茄酱、淀粉,9.1,http://www.xiachufang.com/recipe/104137829/
教你在家做5分钟快手菜，懒人最爱，有荤有素不比饭店差，好吃,干腐竹、干木耳、五花肉、西芹、香葱、蚝油、生抽、食用盐,0,http://www.xiachufang.com/recipe/104562623/
跟妈妈偷学的芋儿鸡，老公说可以去开店了,鸡腿、芋头、蒜、姜、葱段、青红椒、花椒、干辣椒、八角、郫县豆瓣、生抽、老抽、糖、盐,8.4,http://www.xiachufang.com/recipe/104185785/
家常葱油制作（绝味葱油面）超详细,食用油、葱、生抽、老抽（红烧酱油）、耗油、芝麻、糖,8.6,http://www.xiachufang.com/recipe/104101342/
开胃快手菜-爽脆酸辣腌萝卜-解腻好吃！,白萝卜、蒜、姜、干辣椒、生抽、白醋、陈醋、白糖、盐,1,http://www.xiachufang.com/recipe/104590104/
万能麻酱蘸料，好吃到停不下来。吉祥馄饨的麻酱蘸料。,蚝油、糖、酱油、麻酱,8.6,http://www.xiachufang.com/recipe/104167059/
超级下饭盐焗鸡·电饭锅版,鸡（净约1500克）、葱、姜、生抽、老抽、花生油、白胡椒粉、盐焗鸡粉,7.7,http://www.xiachufang.com/recipe/104050012/
会上瘾的照烧鸡腿饭,鸡腿、料酒、黑胡椒、姜、盐、酱汁配料、水、蜂蜜、生抽、老抽、料酒、耗油、白芝麻、西兰花、胡萝卜,8.3,http://www.xiachufang.com/recipe/104176938/
番茄肉酱焗饺子【健康一锅端】不用烤箱,西红柿、洋葱、番茄酱或番茄膏（笑厨）、盐、牛肉馅、蒜瓣、饺子、帕玛森干酪、干罗勒碎、橄榄油,9.3,http://www.xiachufang.com/recipe/104075373/
杏鲍菇最最好吃的做法,杏鲍菇,8.0,http://www.xiachufang.com/recipe/104243257/
麻婆豆腐（家里做出饭店口感）,豆腐、肉末、蒜子、小葱、花椒粉、黄豆酱、淀粉、蘸水、花椒油,2,http://www.xiachufang.com/recipe/104575464/
菠萝咕咾肉（鸡胸肉）,鸡胸肉、菠萝、青椒、洋葱、鸡蛋、淀粉、黑胡椒粉、料酒、盐、番茄汁：、蕃茄酱、白糖、白醋、淀粉,7,http://www.xiachufang.com/recipe/104541366/
酱香肉沫四季豆,四季豆、肉沫、甜面酱、盐、玉米油、鸡精,19,http://www.xiachufang.com/recipe/104180229/
超级简单的炒四丁，简单粗暴，厨房小白也能学会,胡萝卜、玉米粒、豌豆粒、火腿肠、盐、食用油,7.6,http://www.xiachufang.com/recipe/104182851/
酸菜龙利鱼,龙利鱼、酸菜、姜、淀粉、料酒、蒜、小葱、花椒、鸡蛋清、八角、猪油、盐、糖,0,http://www.xiachufang.com/recipe/104583495/
不油炸的少油地三鲜，好吃不油腻！家常版,土豆、茄子、青椒、生抽，耗油，白糖，醋，鸡精，盐，淀粉、葱姜蒜,8.2,http://www.xiachufang.com/recipe/104317471/
蒸贝贝南瓜,贝贝南瓜,8.6,http://www.xiachufang.com/recipe/104013494/
酸奶自制茅屋奶酪，乳清不酸不浪费！健身推荐，超简单,自制酸奶或市售原味冷藏酸奶、纯牛奶（全脂脱脂均可）、盐、滤网、棉布、碗/盆（接乳清用）、绞肉机/搅拌机/破壁机/搅拌杯,8.6,http://www.xiachufang.com/recipe/104010698/
超级开胃的酸辣汤❗️10分钟搞定,嫩豆腐、木耳、西红柿、鸡蛋、香菇、火腿肠、小葱香菜,7.6,http://www.xiachufang.com/recipe/104079427/
香煎鲜嫩多汁的黑椒鸡胸肉,鸡胸肉、黑胡椒、盐、淀粉、生抽、蚝油,8.0,http://www.xiachufang.com/recipe/103938494/
孩子能吃两碗饭的一道菜,鲍鱼、老鸡、五花肉、花胶、姜、蒜、大葱、胡椒粒、盐、冰糖、生抽老抽、鸡粉,1,http://www.xiachufang.com/recipe/104046273/
鸡蛋炒米粉，正确泡发干米粉，不碎、不坨、不粘锅、口感Q弹,米粉、花生油（炟米粉）、盐（炟米粉）、鸡蛋、绿豆芽、小葱、花生油、生抽,8.8,http://www.xiachufang.com/recipe/104171690/
手工揉面三分钟，又韧又薄又好包的饺子皮,中筋面粉（普通面粉）、盐、室温水、手粉（额外的普通面粉，防黏用的）,8.7,http://www.xiachufang.com/recipe/104160846/
烤龙利鱼—烤箱版,龙利鱼、生抽一勺、黑胡椒、柠檬、橄榄油、耗油、料酒,0,http://www.xiachufang.com/recipe/104574700/
炒鹌鹑蛋,鹌鹑蛋、王中王香肠、青椒、胡萝卜、香菇、洋葱、大蒜、酱油、食盐、耗油、料酒、蟹柳棒、牛肉丸可以不放哦⊙∀⊙！、清水,8.1,http://www.xiachufang.com/recipe/104115960/
简单快速剥生栗子,板栗、盐、水,8.8,http://www.xiachufang.com/recipe/104017780/
耗油辣椒肉丝,猪瘦肉、二荆条、小葱、蒜、淀粉(推荐红薯淀粉)、花椒/盐/鸡精/耗油,8.0,http://www.xiachufang.com/recipe/103933255/
木须肉,里脊肉、胡萝卜、黄瓜、木耳、鸡蛋、小葱、蒜、盐、蚝油、生抽、生粉、料酒,7.7,http://www.xiachufang.com/recipe/103963518/
奥尔良烤鸡腿（比买的更香）,鸡腿、奥尔良粉、蒜泥、黑胡椒粉、孜然粉、耗油、酱油,9.2,http://www.xiachufang.com/recipe/104332853/
超嫩麻辣口水鸡（家常版）,煮鸡腿材料如下‼👇、冰冻鸡腿（能用新鲜鸡腿更好）、葱八角花椒姜料酒、辣椒油如下‼👇、油花椒、蒜头、辣椒粉熟芝麻、酱汁如下‼👇、生抽、砂糖、香醋、花椒油、盐,8.1,http://www.xiachufang.com/recipe/103957359/
绝对美味的孜然杏鲍菇,杏鲍菇、孜然粒、蒜、生抽、老抽、蚝油、糖、孜然粉、辣椒粉,8.7,http://www.xiachufang.com/recipe/104558828/
两个秘诀教你蒸出完美的鸡蛋羹,鸡蛋、温水、盐、生抽,8.4,http://www.xiachufang.com/recipe/104099309/
香煎巴沙鱼（龙利鱼）,巴沙鱼、姜、盐、黑胡椒、料酒、淀粉、白胡椒、大蒜片、大料、生抽,2,http://www.xiachufang.com/recipe/104565642/
实力派米饭杀手，辣炒腐竹，简直不要太下饭！,腐竹、小米辣、青椒、葱花、生抽、老抽、蚝油、糖、盐、淀粉、清水,0,http://www.xiachufang.com/recipe/104579367/
【姜食堂2/姜餐厅2】泡菜饭开出了P.O김치밥이피오씁니다,韩国泡菜、米饭、大葱、酱油、黄糖、韩国辣椒粉、食用油、马苏里拉芝士碎、即食海苔、白芝麻（可选）、玉米粒（可选）、玉米粒（可选）、热狗肠（可选）、食用油（可选）,8.6,http://www.xiachufang.com/recipe/103866249/
电饭锅排骨土豆焖饭,排骨、胡萝卜、土豆、香菇、八角、桂皮、香叶、葱姜、料酒、生抽、老抽、蚝油、糖、鸡精、大米,8.4,http://www.xiachufang.com/recipe/103981396/
一口入魂的皇冠小米面包,小米粉（自制也可以用高筋面粉代替）、高筋面粉、盐、酵母、细砂糖、橄榄油（或黄油或植物油）、温水、小米（颗粒状）,9.0,http://www.xiachufang.com/recipe/104360697/
花开富贵-糖拌西红柿,西红柿、白糖、黄瓜,8.4,http://www.xiachufang.com/recipe/104237036/
煮毛豆—不会变色版,毛豆、水、盐、花椒、大料,8.6,http://www.xiachufang.com/recipe/103904426/
妈妈👩教我做的皮蛋瘦肉粥🥣简单快捷美味😋,皮蛋、大米、里脊、小葱、姜、小油菜、生抽、淀粉、盐,8.3,http://www.xiachufang.com/recipe/104044597/
零失败的懒人胡萝卜菜卷，味道超棒的补钙素菜卷,胡萝卜、角瓜、虾皮、小葱、豆腐、普通小麦面粉、生抽、花椒粉、胡椒粉、鸡精,8.5,http://www.xiachufang.com/recipe/104000609/
🔥香辣啤酒卤鹌鹑蛋❗️㊙️一口一个好吃到爆❗️,鹌鹑蛋、蒜，生姜、豆瓣酱、香叶、八角、花椒、冰糖、干辣椒、生抽、老抽、蚝油、啤酒,8.3,http://www.xiachufang.com/recipe/104478627/
家里有客人，必做的一道菜【上海青】,上海青、蒜米、盐、蚝油、生抽、淀粉、姜、辣椒、油,0,http://www.xiachufang.com/recipe/104590999/
比肉还好吃的手撕杏鲍菇,杏鲍菇、青椒、胡萝卜、蚝油、酱油、独头蒜、细砂糖、食用油、鸡精,7.6,http://www.xiachufang.com/recipe/104335100/
三步搞定最爱的干锅牛蛙,牛蛙、盐料酒胡椒粉淀粉、土豆莴笋藕、葱姜蒜干胡椒花椒、生抽糖料酒、豆瓣辣酱/火锅底料、香菜芝麻,8.5,http://www.xiachufang.com/recipe/104398499/
香煎豆腐（好吃到姥姥家）,豆腐（不是盒装）、鸡蛋、蒜瓣、生抽、蚝油、白糖、葱、胡椒粉、小米椒、清水,8.1,http://www.xiachufang.com/recipe/104150659/
啫啫鱼煲,鱼（或鸡肉）、大蒜、姜、葱、葱花、生抽、蚝油、料酒、糖、盐、白胡椒粉、淀粉、食用油,8.7,http://www.xiachufang.com/recipe/104150365/
成功卤肉饭,五花肉、紫洋葱、香菇、黄心土豆、鸡蛋、鲜味酱油、老抽、白酒、冰糖、八角,6,http://www.xiachufang.com/recipe/104585275/
宅家16天—梅菜干肉饼，心神舒畅,梅干菜、五花肉、水、面粉、盐、糖、蚝油、椒盐粉、胡椒粉,8.1,http://www.xiachufang.com/recipe/104289101/
懒人版“胡椒虾”，没有秘诀没有特别调料超简单超好味而且适合宴客,九节虾、酱油、盐、黑胡椒、料酒,8.5,http://www.xiachufang.com/recipe/104086799/
青柠拌鸡丝,鸡胸肉、青柠檬、青尖椒、红尖椒、香菜、洋葱、姜片、葱段、蒜末、生抽、陈醋、料酒、花椒油、白糖、盐,8.5,http://www.xiachufang.com/recipe/103883673/
史上最好吃的糖醋荷包蛋，比肉菜好吃百倍哦！,鸡蛋、蒜末、葱花、生抽、白醋、番茄酱、糖、盐、淀粉,12,http://www.xiachufang.com/recipe/104508254/
【家常豆腐】简单又好吃！,老豆腐、木耳、青红椒、姜蒜葱,0,http://www.xiachufang.com/recipe/104581503/
冬日里的暖心暖胃女性生理期必备甜品红糖姜汁撞奶,姜汁、牛奶、红糖,7.9,http://www.xiachufang.com/recipe/104131169/
白菜的无敌好吃做法,白菜、粉条、五花肉、姜、蒜、十三香、盐、生抽、料酒、香菜,1,http://www.xiachufang.com/recipe/104546956/
家庭版肉夹馍,五花肉、面粉、酵母、鸡蛋、桂皮、花椒、姜、香叶、干橘皮、干辣椒、八角、冰糖、大葱、白糖、老抽、生抽、蚝油、盐、香菜、青椒,8.4,http://www.xiachufang.com/recipe/104278526/
香炸萝卜丸子（外皮酥脆）,白萝卜、鸡蛋、面包糠、面粉、黄豆粉、生抽、蚝油、盐、食用油,8.4,http://www.xiachufang.com/recipe/104285697/
5分钟快手菜，巨开胃的凉拌黄瓜,黄瓜、蒜、陈醋、糖、酱油、生抽、小米辣、盐、香菜、芝麻、蚕豆、热油,1,http://www.xiachufang.com/recipe/104576619/
十分钟搞定一碗面,面条、酱油、蚝油、辣椒粉、芝麻、、葱花、蒜末,8.4,http://www.xiachufang.com/recipe/104069666/
别找了，这才是【鱼香肉丝】百试百灵的方子！,瘦肉丝、红萝卜、青椒、木耳、葱、【万能鱼香汁】、【腌肉料】,8.2,http://www.xiachufang.com/recipe/103924989/
巨开胃巨好喝，10分钟搞定番茄酸辣汤冬季必喝。,番茄、香肠、鸡蛋、香菇、木耳、金针菇、嫩豆腐、葱和香菜,8.0,http://www.xiachufang.com/recipe/104189653/
此配方做出的驴打滚无比软糯，放一天还是软的,糯米粉、温开水、红豆沙、细砂糖、熟黄豆粉,7.9,http://www.xiachufang.com/recipe/104150647/
低脂高蛋白，高颜值巨好吃的早餐日式厚蛋烧、玉子烧、鸡蛋卷,鸡蛋、牛奶、西兰花、红萝卜丁、盐,2,http://www.xiachufang.com/recipe/104590147/
咸鲜可口的青红椒炒鸡丁,鸡胸、青红椒、姜葱蒜、料酒、淀粉、生抽、老抽、蚝油、盐糖,8.2,http://www.xiachufang.com/recipe/104147113/
豪华炸酱面-甜香黄磊版,甜面酱、黄豆酱、水、肉、葱、姜、糖、菜码、黄豆、黄瓜、秋葵、豆芽、芹菜、面条,8.6,http://www.xiachufang.com/recipe/103910958/
番茄鸡肉浓情焗饭【两人份】,鸡胸肉、胡萝卜、土豆、番茄、青椒、红椒、黑胡椒粉、生粉、番茄酱、盐、糖、酱油、洋葱、马苏里拉芝士碎,8.3,http://www.xiachufang.com/recipe/100403615/
【更新】比必胜客好吃太多的【海陆至尊披萨】，制作要点更新，看完操作么么哒！,高筋面粉【面饼】、低筋面粉【面饼】、水【面饼】、橄榄油【面饼】、细砂糖【面饼】、耐高糖酵母【面饼】、盐【面饼】、番茄【红酱】、洋葱【红酱】、大蒜【红酱】、月桂叶【红酱】【它就是香叶】、黑胡椒粉【红酱】、盐【红酱】、糖【红酱】、肉糜【红酱】、熟虾仁、青椒丝、红椒丝、口蘑片、玉米粒、豌豆粒、肉片【种类按自己喜好】、马苏里拉芝士碎、番茄酱【红酱】,8.5,http://www.xiachufang.com/recipe/100412519/
椒盐虾,虾、料酒、姜、蒜、椒盐、淀粉、盐,8.2,http://www.xiachufang.com/recipe/103952912/
清蒸鲈鱼，三步搞定！,鲈鱼、盐、料酒、蒸鱼豉油、姜、小葱、青红椒,8.1,http://www.xiachufang.com/recipe/103966452/
虾仁豆腐煲,豆腐、小海虾、蒜、小葱、食用油、清水、蚝油、盐,8.2,http://www.xiachufang.com/recipe/103982503/
让你欲罢不能💞万分下饭㊙️个人首创的素炒木耳杏鲍菇,鸡蛋、杏鲍菇、干黑木耳、螺丝椒/青椒、小米辣、葱蒜末,0,http://www.xiachufang.com/recipe/104566724/
给生活添上一抹绿的蒜蓉粉丝娃娃菜,娃娃菜、粉丝、蒜头、蚝油、酱油,0,http://www.xiachufang.com/recipe/104581878/
10分钟快手煎饺,鲜肉糜、荠菜、生抽、老抽、盐、料酒、十三香、鸡精、食用油,9,http://www.xiachufang.com/recipe/104395711/
香煎小牛肉,小牛肉、油辣椒（自制）、食用油、大蒜、葱（可无）、生抽、料酒、花椒、鲜椒（可无）、蚝油（可无）,8.1,http://www.xiachufang.com/recipe/103938682/
酱香手抓饼,手抓饼、葱花、蒜末、食用油、【酱汁配方】、老干妈油辣椒、海天黄豆酱、甜面酱、椒盐粉、白胡椒粉、五香粉、熟白芝麻、清水,8.3,http://www.xiachufang.com/recipe/104366567/
百梦多鸡肉咖喱饭,百梦多咖喱块、鸡腿肉（去骨去皮）、洋葱、白口蘑、青豆、玉米粒、植物油、清水、鸡蛋、海苔碎、黑白芝麻、米饭,8.4,http://www.xiachufang.com/recipe/104401886/
凉拌海带丝🔥低脂快手巨简单,海带丝、蒜末、葱花、食用油、辣椒面、红辣椒、白芝麻、白糖、食盐、生抽、陈醋、花生碎,1,http://www.xiachufang.com/recipe/104579859/
🌈麻婆豆腐(必收藏版本),嫩豆腐、豆瓣酱、花椒粉、生抽、肉末、糖、老抽、料酒、葱姜蒜、汁水、鸡精、小米椒,7.9,http://www.xiachufang.com/recipe/103937373/
超上瘾的麻酱流汁宽粉,宽粉、调制汁配料、葱蒜沫、芝麻、花生碎、麻酱、水、油、耗油、生抽、香醋、白糖,8.4,http://www.xiachufang.com/recipe/104189540/
吃不到膻味的比烧烤更好吃的孜然羊肉🐏,油、辣椒粉、孜然粉、胡椒粉、花椒粉、盐、生抽、料酒、耗油、淀粉、白芝麻、鸡蛋、小葱、姜、香菜,8.4,http://www.xiachufang.com/recipe/104345059/
客家蒸（炒）米粉～家乡的早餐味,河源米粉、鸡蛋、香菇、木耳、胡萝卜、葱或者香菜、蒜末、酱油盐等调味料、肉丝或者肉末,2,http://www.xiachufang.com/recipe/104578715/
快手发面大花卷（含和面、揉面手法）,面粉、无铝泡打粉（可不放）、猪油或植物油、酵母、白糖、水,8.5,http://www.xiachufang.com/recipe/103901061/
教你做香到舔盘子的灵魂葱油拌面🍜,生抽、老抽、细砂糖、白芝麻、香葱、大蒜、面条,8.0,http://www.xiachufang.com/recipe/104297232/
上班族的快手简单晚餐——土豆炖茄子,土豆、茄子、蒜、姜,8.3,http://www.xiachufang.com/recipe/104161795/
好侍西趣奶香炖菜,好侍西趣奶炖小方、洋葱、胡萝卜、土豆、鸡腿肉、西兰花、水、色拉油,8.7,http://www.xiachufang.com/recipe/104116669/
胡萝卜糯米丸子🥕,胡萝卜、糯米、鸡蛋、生抽、盐🧂、肉、葱,8.4,http://www.xiachufang.com/recipe/104106413/
红烧牛腩煲,牛腩、姜、牛腩炖料(八角丁香草果胡椒粒桂皮陈皮等等)、生抽、老抽、耗油、冰糖、料酒、水、淀粉水,8.4,http://www.xiachufang.com/recipe/103816422/
火龙果酸奶溶豆|无奶粉版,新鲜火龙果汁、yogurt、玉米淀粉、------------------、蛋白（连壳称约55克的鸡蛋）、柠檬汁、细糖、玉米淀粉（蛋白用）,8.7,http://www.xiachufang.com/recipe/104228398/
草菇牛肉（米饭杀手系列九）,草菇、牛肉、香菜、生抽、淀粉、料酒、猪油、蚝油、黑胡椒粉、麻椒、小米椒,8.0,http://www.xiachufang.com/recipe/104085765/
小炒千叶豆腐,五花肉、千叶豆腐、青红椒、蒜、酱油、盐,1,http://www.xiachufang.com/recipe/104565801/
幸福感飙升的炒午餐肉,梅林午餐肉、洋葱、青椒、花椒粉、味极鲜、姜,1,http://www.xiachufang.com/recipe/104584085/
自制无添加万能低脂芋头泥,荔浦芋头、脱脂牛奶、蜂蜜、熟紫薯粉,8.4,http://www.xiachufang.com/recipe/103911928/
夜宵党“香辣蒜蓉酱”（蒜蓉虾，烤扇贝，生蚝，粉丝花甲，金针菇）,蒜、生抽、盐、糖、小米椒,8.3,http://www.xiachufang.com/recipe/103917886/
三鲜汤（饭）,海鲜菇、菠菜、火腿肠、鸡蛋、葱、姜、耙豌豆、米饭、盐、鸡精,10,http://www.xiachufang.com/recipe/104256479/
让宝宝一口就爱上的虾滑紫菜疙瘩汤,鲜虾、紫菜、鸡蛋、料酒、白胡椒粉、淀粉,8.2,http://www.xiachufang.com/recipe/103856753/
平底锅锡纸肥牛,金针菇、杭椒、肥牛卷、蒜末、生抽、蚝油、糖、老抽、油、淀粉,8.7,http://www.xiachufang.com/recipe/104209480/
✅清爽美味的柠檬鸡丝🍋鸡胸肉满分吃法💯,鸡胸肉、小米辣、柠檬、料酒、辣椒面，白芝麻，葱末，蒜末、生抽，香醋、蚝油、食盐，白糖,11,http://www.xiachufang.com/recipe/104589496/
香辣油豆腐,油豆腐、小米辣椒、蒜、芹菜、生抽、蚝油、盐、生粉,2,http://www.xiachufang.com/recipe/104578780/
肯德基土豆泥,土豆、牛奶、盐、黄油、蚝油、黑胡椒、水淀粉、保鲜膜,7.9,http://www.xiachufang.com/recipe/103939410/
油淋芦笋,芦笋、蒸鱼豉油、蒜、香油、蚝油、盐,0,http://www.xiachufang.com/recipe/104581483/
卤三鸡(鸡腿/鸡翅/鸡蛋),鸡腿、鸡翅、鸡蛋、八角、桂皮、草果、香叶、花椒(不吃辣可不放)、辣椒(不吃辣可不放)、葱段、姜片、生抽、老抽、陈醋、蚝油、冰糖、芝麻油、盐(调整用),8.5,http://www.xiachufang.com/recipe/100480082/
素炒什锦菜（炒合菜）,绿豆芽、韭菜、鸡蛋、包菜、木耳、粉丝、大葱、盐、生抽、蚝油、老抽、十三香、鸡精,8.1,http://www.xiachufang.com/recipe/104073698/
10分钟速成💨空心烧饼,中筋面粉、温水、盐、玉米油、糖、馅料、熟面粉、玉米油、糖、装饰芝麻,8.0,http://www.xiachufang.com/recipe/104358446/
凉拌洋葱木耳,太太乐原味鲜头道特级鲜酱油、木耳、洋葱、红绿杭椒、大蒜瓣、熟芝麻或花生碎、香菜、花椒、干红辣椒、香醋、糖、玉米油、小磨麻油,8.6,http://www.xiachufang.com/recipe/104125122/
跟店里一模一样的💯椰子鸡火锅🍲超详细步骤零失败率,文昌鸡、椰青、荸荠、红枣、枸杞、沙姜、青柠,8.3,http://www.xiachufang.com/recipe/103963072/
凉拌土豆丝，爽口开胃,土豆、胡萝卜、尖椒、蒜、干辣椒、花椒、味极鲜（生抽）、香醋、盐、鸡精、白糖,7.7,http://www.xiachufang.com/recipe/104122221/
让吃货们停不下嘴的茄汁大虾,亨氏番茄沙司、细砂糖、白醋、生抽、水、大虾、料酒、盐、胡椒粉、食用油、洋葱末、蒜末、樱桃番茄、香葱末或欧芹碎,8.6,http://www.xiachufang.com/recipe/103813803/
简易版爆炒虾球,虾、盐、酱油、淀粉、油、姜、葱,0,http://www.xiachufang.com/recipe/104590407/
好吃不胖的芦笋虾仁,芦笋、大虾仁、葱、姜、生粉、料酒、生抽、油、盐,5,http://www.xiachufang.com/recipe/104578209/
日式蛋包炒面,面、胡萝卜、葱、鸡蛋、牛奶、番茄酱、沙拉酱、海苔粉、玉米油,2,http://www.xiachufang.com/recipe/104545337/
烤箱版蒜蓉烤虾好吃到舔完盘子舔手指,基围虾、葱、小米辣、姜、蒜、耗油、酱油、盐,8.4,http://www.xiachufang.com/recipe/103851788/
椒盐酥炸金针菇素玉珊瑚,金针菇、鸡蛋、玉米淀粉、盐、辣椒粉、黑胡椒粉、花椒粉、油,8.8,http://www.xiachufang.com/recipe/104281003/
无敌好喝的酸辣汤,嫩豆腐、木耳、鸡蛋、火腿肠、水淀粉、香油、陈醋、白胡椒粉、生抽、盐、西红柿、蒜瓣,0,http://www.xiachufang.com/recipe/104562574/
三分钟做出来的美味米饭卷,米饭、香油、黄瓜、胡萝卜、咸鸭蛋黄、鸡柳、沙拉酱、番茄酱、酸黄瓜、花生米、海苔、腊肠、海米,2,http://www.xiachufang.com/recipe/104547512/
蒜泥白切肉,五花肉、大蒜、姜、葱、生抽、糖、醋、香油、鸡精、八角、桂皮、花椒、料酒,2,http://www.xiachufang.com/recipe/104557392/
快手菜：菠萝炒鸡,新鲜大个鸡腿（去骨）、料酒、酱油、糖、盐、姜片、油、生粉、鸡粉（不喜可免）、胡椒粉（可选）、菠萝一个,1,http://www.xiachufang.com/recipe/104580553/
香菇酿肉,新鲜香菇、肉馅、虾仁、淀粉、生抽、盐、鸡汁/蚝油、胡椒粉,8.2,http://www.xiachufang.com/recipe/104040798/
简单到你家8岁娃娃都会做的【红烧肉】不用一滴油！！！可以做宴客菜！,五花肉、鸡蛋、姜片、香叶、八角、桂皮、冰糖(不喜欢的可以少加或者不加)、花雕酒、生抽、老抽,8.0,http://www.xiachufang.com/recipe/104047398/
吮指蒜香椒盐虾,明虾、葱、蒜、辣椒、花椒粉、盐、鸡精、食用油,8.5,http://www.xiachufang.com/recipe/104309261/
西葫芦炒蛋,西葫芦、鸡蛋、葱花、生抽、耗油、盐,7,http://www.xiachufang.com/recipe/104458441/
老丁的私房菜-干锅花菜,花菜、五花肉、干辣椒、大蒜、青辣椒,7.8,http://www.xiachufang.com/recipe/100436485/
咖喱鸡肉饭（新手也能一次成功）,鸡腿肉、土豆、米饭、洋葱、胡萝卜、好侍百梦多咖喱微辣、生抽、料酒、青豆、玉米、香菇（可选）,8.2,http://www.xiachufang.com/recipe/104123287/
煎焖豆腐（男友吃了一大盘）,鸡蛋、豆腐、生抽、耗油、醋、糖、葱、蒜、小米辣、孜然粉、淀粉,2,http://www.xiachufang.com/recipe/104574375/
（自制爆米花）经验总结！,玉米粒、色拉油、白砂糖（焦糖）、水（焦糖）、黄油（焦糖）,8.5,http://www.xiachufang.com/recipe/103823537/
蒸水蛋,鸡蛋、盐、酱油、油、温水、葱花,8.0,http://www.xiachufang.com/recipe/1045736/
菠萝咕噜肉（家常版）,菠萝、淀粉、鸡蛋、白醋、糖、盐、肉、清水,1,http://www.xiachufang.com/recipe/104594201/
好吃不过【咖喱鸡排饭】🍛手把手教你做美食,1⃣️鸡排材料：鸡脯肉、料酒、生抽、盐、鸡蛋、玉米淀粉、面包糠、食用油、2⃣️土豆咖喱材料：土豆、胡萝卜、青豆、葱蒜、咖喱、食用油、3⃣️米饭,8.5,http://www.xiachufang.com/recipe/104263204/
家常快手菜小炒藕丁真香,藕、小米辣、小葱、蒜沫、油盐、生抽、老抽、蚝油、香油（芝麻油）,7.4,http://www.xiachufang.com/recipe/104452480/
锅包肉,土豆淀粉、里脊、白糖、料酒、盐、醋、姜、生抽、蒜末,2,http://www.xiachufang.com/recipe/104496932/
炸香椿（香椿芽最好吃的做法）,香椿、鸡蛋、面粉、盐、水（调面糊用）、生抽,8.6,http://www.xiachufang.com/recipe/104422790/
超级下饭菜--金针菇日本豆腐,日本豆腐、金针菇、大葱、葱、蒜、盐、耗油、酱油,7.5,http://www.xiachufang.com/recipe/100103576/
超好吃麻辣小龙虾球（虾尾）,小龙虾、啤酒、姜、豆瓣酱、花椒、干辣椒、大葱,8.1,http://www.xiachufang.com/recipe/103878948/
凉拌杏鲍菇（升级版万能凉拌汁）,杏鲍菇、蒜头、葱花、香菜、白芝麻、辣椒面、生抽、陈醋、蚝油、白糖、食用油,8.3,http://www.xiachufang.com/recipe/104136208/
15分钟搞定【蒜蓉粉丝蒸龙利鱼】，入夏前多吃它准能瘦！,龙利鱼/沙巴鱼、金针菇、粉丝、姜米、香菜/香葱、小米辣、剁椒酱、蒜瓣半颗/独蒜、盐、米酒、生抽、蚝油、糖、香油、花生油、花椒油,10,http://www.xiachufang.com/recipe/104571931/
超级下饭的鱼香炒鸡蛋,鸡蛋、青椒、胡萝卜、木耳、蒜、大葱、生抽、老陈醋、蚝油、水淀粉、白砂糖、清水,8.4,http://www.xiachufang.com/recipe/104358019/
西红柿牛肉卷金针菇煲,肥牛、金针菇、西红柿、蚝油、油、酱油、盐、白胡椒粉,2,http://www.xiachufang.com/recipe/104582149/
白钟元的泡菜锅（无油，巨好吃）,宗家府泡菜、蔬菜（我放了金针菇200g，土豆80g，花菜100g）、猪肉、大葱、小米辣、辣椒面、盐,8.6,http://www.xiachufang.com/recipe/103888709/
百吃不厌的蒜香鸡腿，孩子吵着天天吃,酱油、老抽、盐、白糖、料酒、鸡腿、蒜头,1,http://www.xiachufang.com/recipe/104570170/
一发胡萝卜🥕馒头，纯手揉，快手,中筋面粉（五得利特精小麦粉）、胡萝卜一根榨汁、糖、安琪耐高糖酵母一包,8.4,http://www.xiachufang.com/recipe/104244528/
凉拌千张丝,千张皮、香菜、大蒜、香油、白糖、生抽、醋、胡萝卜、黑木耳、料油、橄榄油、美人椒、葱、花生、白芝麻,8.0,http://www.xiachufang.com/recipe/103894944/
大白菜烧自制口感Q弹肉丸子,白菜、肉沫、盐、葱、胡椒粉、生姜、大蒜、鸡蛋、老抽、食用油、蚝油,8.2,http://www.xiachufang.com/recipe/104197101/
家庭版尖椒鸡——川味,鸡腿、青椒、葱、干辣椒、花椒、蒜、姜、盐、酱油、糖、料酒、胡椒粉、油,12,http://www.xiachufang.com/recipe/104472977/
五分钟搞定超好吃麻辣拌火锅粉,火锅粉、葱花、香菜、小米辣、蒜瓣、芝麻、生抽、陈醋、蚝油、白糖、油泼辣子、麻酱,8.3,http://www.xiachufang.com/recipe/104247979/
没有什么是一盘【炒方便面】解决不了的，不行整两盘,方便面、鸡蛋、洋葱丝（个人口味）、西红柿（个人口味）、香肠、青菜、青椒/菜椒/尖椒、调料、生抽、老抽、蚝油、蒜末、香葱末,4,http://www.xiachufang.com/recipe/104563291/
懒人凉拌毛豆,毛豆、香叶、花椒、八角、桂皮、大蒜、小米辣、食用油、生抽、醋、白糖、盐,0,http://www.xiachufang.com/recipe/104577286/
虾仁烧冬瓜「低脂又下饭」,冬瓜、虾仁、生姜、耗油、盐,8.0,http://www.xiachufang.com/recipe/103815178/
持续更新贴！低碳断糖生酮keto不知道吃啥食材？不知道家中需要有啥常备物资？看这一篇干货就够啦！简单粗暴的菜肴合集！,常备酱料-天然香辛料类：、纯孜然粉（粗磨）、纯麻椒粉（青花椒粉）、纯花椒粉、纯辣椒粉、海盐、研磨黑胡椒、纯白胡椒粉、香菇虾皮粉、柠檬胡椒盐、混合意式香草、昆布粉（提鲜代替味精鸡精）、无添加纯咖喱粉、研磨大蒜粉、纯洋葱粉、生姜、大蒜、大葱、青蒜苗、洋葱、小香葱、香菜、柠檬（片、汁、皮屑）还有八角、香叶、桂皮等用于卤料包的天然香辛料颗粒、常备酱料-低碳断糖生酮友好酱汁：、“瓦尔登农场”牌：原味烧烤酱、蜂蜜烧烤酱、焦糖酱、巧克力酱、“三不加”牌：生抽、老抽、陈醋以及“Bragg”牌苹果醋（泡水、当白醋使用）、“歌瑞卡”牌：赤藓糖醇、罗汉果苷、甜菊糖粉（用于烘焙的糖粉）、常备酱料-自制无糖低碳好油脂酱料：、橄榄油罗勒青酱、高油脂蛋黄酱（橄榄油&核桃油）、高油脂奶油培根酱（橄榄油&黄油&奶油）、常备酱料-油脂：、特级初榨橄榄油、冷压初榨椰子油、草饲动物黄油、高脂低碳淡奶油、纯可可脂、紫苏油（亚麻籽油，没事干往嘴里喷两下）、常备粉类-低碳面粉：、椰然椰泉椰子面粉、纯扁桃体粉、圆包洋车前子壳粉（代替糯米粉、淀粉、增稠剂、粘合剂）、常备粉类-低碳断糖生酮友好天然粉：、纯天然可可粉（饮品用碱化的、烘焙用未碱化的）、纯抹茶粉、纯椰浆粉（少吃为妙）、油脂粉（增酮用的，可以作咖啡伴侣或者干喝）、常备坚果&坚果酱-纯天然原味生低碳无糖高油脂：、原味生鲍鱼果、原味生巴旦木仁、原味生山核桃、纯天然石磨山核桃泥、纯天然石磨黑芝麻泥、纯天然巴旦木酱（牌子是soacai）、常备水果-低碳低糖有油脂最好：、牛油果、雪莲果、常备蔬菜-低碳低碳生酮友好：、西蓝花、芦笋、绿豆芽、海带、木耳、所有的绿叶菜绿杆子菜、黄瓜、西葫芦、白蘑菇（口蘑）、常备海鲜肉类-低碳或者无碳油脂高或者适中蛋白适中：、五花肉、猪肥肉占比大的肉馅、猪蹄、猪排骨、牛腩、牛蹄筋、牛骨髓、鸡琵琶腿、鸡手枪腿、肥牛肉卷、肥羊肉卷、鸡胸肉、猪脑花，鸭肉（这个好鸭肉太难买）、三文鱼肉、清江鱼肉、黑鱼肉、猪肝、鸡肝、常备乳制品-低碳或者无碳油脂高或者和蛋白持平适中：、金凯利牌所有干酪、安图斯淡奶油、菲力奶油奶酪、马斯卡彭、马苏里拉拉丝、马苏里拉水浸球、恩波路酸奶油、水妈妈orkara纯椰浆（少吃为妙）、云南羊乳饼、百嘉干酪、小贝勒干酪、帕玛森干酪（所有的原制干酪/奶酪都是可以买的只要不是再制）、常备再制肉类-低碳或者无糖最好无添加谷氨酸钠和糖高油脂最好：、史密斯培根、雄鸡标水浸金枪鱼罐头、calvo橄榄油浸金枪鱼罐头、calvo葵花油浸金枪鱼罐头（少吃为妙）、西班牙jamon（伊比利亚火腿or塞拉诺火腿）、常备工具-利用率最高的：、保鲜袋、油纸锡纸、一次性手套（因为经常腌肉烤肉）,0,http://www.xiachufang.com/recipe/104600268/
太太乐鲜鸡汁快手菜之『淮扬菜』2⃣【鸡汁烩咸五花蒲儿菜】❗🥢,蒲菜、咸五花肉（没有就用海米，火腿）、猪油、姜、蒜、太太乐鲜鸡汁、清水、淀粉,1,http://www.xiachufang.com/recipe/104600261/
火山土豆泥の好吃又好看,土豆、洋葱、鸡胸肉、盐、胡萝卜、蚝油、酱油、淀粉,0,http://www.xiachufang.com/recipe/104600257/
比肉还好吃的豆皮儿拌杏鲍菇,豆皮、杏鲍菇、香菜、小米椒、小葱、大蒜、芝麻、辣椒粉、花椒粉、盐、白糖、生抽、香醋、蚝油、芝麻香油,0,http://www.xiachufang.com/recipe/104600246/
第13道菜炒蒜薹✨,蒜苔、姜蒜、干辣椒、酱油、蚝油、油、盐、水、炒菜料,0,http://www.xiachufang.com/recipe/104600243/
超级下饭菜,卤鸡胗、蒜瓣、姜、自制辣椒粉、酱油、白糖、食用油,5,http://www.xiachufang.com/recipe/104106369/
『家庭版炒合菜』,鸡蛋、韭菜、红薯粉丝、绿豆芽or黄豆芽、生抽、老抽、蚝油、盐、糖、鸡精、小米椒、蒜,7.8,http://www.xiachufang.com/recipe/104177124/
本人最爱的下饭菜,萝卜干、辣椒、蒜末、豆豉、酱油,0,http://www.xiachufang.com/recipe/103821201/
100天不重复、减肥保持期的每日快手便当记录【持续更新】,🍎🍌🍇🍓🍒🥦🥑🍆🍅🥝🥬🌶🌽🥕🥬🧄🧅🥔🍠🥯🥓🍗🍖🥨🍞🌭🍕🍣🍜🥗🦪🥟,4,http://www.xiachufang.com/recipe/104499350/
下饭凉拌手撕鸡,香菜、醋、香油、生抽、盐、鸡腿、洋葱、胡椒粉、花椒、辣椒、蒜、生姜、料酒、白糖,9.4,http://www.xiachufang.com/recipe/104058622/
豆豉风味油焖尖椒,尖椒、生抽、豆豉、葱、豆油,0,http://www.xiachufang.com/recipe/104588365/
家常豆腐❗️下饭神器,老豆腐、木耳、青红椒、葱姜,7.4,http://www.xiachufang.com/recipe/104055007/
肉末茄子,茄子、肉末、青红尖椒、生抽、老抽、盐、白糖、淀粉、葱、姜、蒜、醋,7.5,http://www.xiachufang.com/recipe/103917531/
农家一碗香（下饭菜）,青红椒、鸡蛋、五花肉、生抽、老抽、蚝油、葱姜蒜、料酒,3,http://www.xiachufang.com/recipe/104414929/
香而不腻的销魂粉蒸肉,五花肉、蒸肉米粉、大土豆、姜、葱花、料酒、腐乳汁、甜面酱、蚝油、生抽、老抽、白糖、胡椒粉、盐,8.0,http://www.xiachufang.com/recipe/103856057/
孩子能吃两碗饭的一道菜,鲍鱼、老鸡、五花肉、花胶、姜、蒜、大葱、胡椒粒、盐、冰糖、生抽老抽、鸡粉,1,http://www.xiachufang.com/recipe/104046273/
农家小炒肉,青椒、五花肉、姜、蒜、豆瓣酱,7.8,http://www.xiachufang.com/recipe/104118235/
香辣脆爽!开胃又下饭的腌黄瓜,黄瓜、姜芽、青辣椒、花生油、生抽、老抽、醋、蚝油、白糖、小米椒、蒜、花椒、盐,8.7,http://www.xiachufang.com/recipe/103950646/
椒盐杏鲍菇,杏鲍菇、鸡蛋、盐、面粉、玉米淀粉、五香粉、油,8.7,http://www.xiachufang.com/recipe/104275446/
适合孩子吃的宫保鸡丁(不辣),鸡胸肉、花生米、黄瓜、生抽、水淀粉、盐、胡萝卜,8,http://www.xiachufang.com/recipe/104568238/
耗油香菇|能配三碗米饭,香菇、青椒、水淀粉、耗油、生抽、老抽、葱蒜,0,http://www.xiachufang.com/recipe/104596708/
鱼香肉丝,瘦肉、黑木耳、胡萝卜、靑椒、豆瓣酱、白糖、醋、酱油、料酒、盐、水淀粉、清水、葱姜蒜末,8.3,http://www.xiachufang.com/recipe/100352761/
吃不够的蒜香鸡腿,鸡腿肉、蒜末、盐、生抽、干辣椒、青椒、玉米淀粉,8.3,http://www.xiachufang.com/recipe/104194839/
蒜香排骨,排骨、蒜、生抽、老抽、油、姜、冰糖、盐、水、白芝麻,8.6,http://www.xiachufang.com/recipe/104245377/
超简单的下饭菜🔥肉末豆角，好吃到流泪,豆角、肉末、蒜、小米辣椒、生抽、老抽、料酒、淀粉、白糖,7.5,http://www.xiachufang.com/recipe/103946881/
超级简单超级好吃入口即化的电饭煲焗叉烧,五花肉（不要皮更好吃）、姜、葱、蒜、油、蚝油、叉烧酱、料酒,7.9,http://www.xiachufang.com/recipe/104157674/
能让你多吃一碗饭的开胃小咸菜～腌辣椒（尖椒）圈,尖椒、蒜、姜、花生油（也可用玉米油，大豆油，不能用瓜子油和菜籽油）、大葱、姜片、蒜片、八角、花椒、桂皮、小茴香、香叶、香菜（依个人口味添加）、盐、干辣椒王（因为尖椒不辣，所以加些干辣椒增加辣度）、陈醋（不爱吃可以不加）、老抽、生抽、洋葱、糖、调味料的比例添加，可以根据自己的口味增减,8.4,http://www.xiachufang.com/recipe/104056014/
比肉还好吃的手撕杏鲍菇,杏鲍菇、青椒、胡萝卜、蚝油、酱油、独头蒜、细砂糖、食用油、鸡精,7.6,http://www.xiachufang.com/recipe/104335100/
超级好吃的家常豆腐,豆腐、蒜、葱花、盐、鸡蛋、淀粉、小米辣、生抽、耗油、饮用水,7,http://www.xiachufang.com/recipe/104457319/
三鲜火锅,家乐老母鸡浓汤宝、大葱、生姜、鲜虾、皮肚（炸猪皮）、香菇、木耳、大白菜、小青菜、鹌鹑蛋、油豆腐、桂冠燕饺、鱼豆腐、包心鱼丸,9.0,http://www.xiachufang.com/recipe/104112729/
油焖春笋,春笋、生抽、老抽、冰糖,0,http://www.xiachufang.com/recipe/104589125/
麻辣香锅,虾、火锅丸子、藕、金针菇、土豆、香菇、蔬菜、干辣椒、花椒、蒜、海底捞麻辣香锅底料,7.8,http://www.xiachufang.com/recipe/104091045/
自发绿豆芽,绿豆,9.3,http://www.xiachufang.com/recipe/104395476/
家常肉沫粉条（蚂蚁上树）,红薯粉、青尖椒、精瘦猪肉、香菜、葱姜蒜、黄豆酱、食用油、水、盐、味精、老抽,8.3,http://www.xiachufang.com/recipe/104048228/
香辣豆皮,生抽、豆皮、辣椒粉、蒜、白芝麻、糖、小米辣、蚝油、孜然、小葱,8.0,http://www.xiachufang.com/recipe/104503447/
川味家常豆干,卤豆干、青椒、肉、豆瓣酱、姜、蒜、料酒、盐、酱油、花椒、淀粉,7.1,http://www.xiachufang.com/recipe/103809260/
嫩爆了！！不用爆炒的腰花儿,猪腰、料酒、清水、玉米油、二荆条、子姜、青花椒、白糖、豆瓣、生抽、蚝油、盐,8.9,http://www.xiachufang.com/recipe/103889893/
女友能吃三个馒头的下饭菜,杭椒、一号肉、鸡蛋、干辣椒,7.8,http://www.xiachufang.com/recipe/104017253/
酸菜粉,酸菜、粉条、干辣椒段、蒜、花椒、大料,8.8,http://www.xiachufang.com/recipe/104242460/
秘制金汤肥牛,澳洲谷饲肥牛肉卷、有机金针菇、永安黄椒酱（或海南黄灯笼椒酱）、泡椒（野山椒）、小红辣椒（小米椒）、青杭椒、蒜蓉、熟白芝麻、白醋、料酒、盐,8.2,http://www.xiachufang.com/recipe/103812065/
尖椒炒鸡心,鸡心、尖椒、蒜、生抽、料酒、耗油、白糖、孜然粒、鸡精、盐、胡椒粉,0,http://www.xiachufang.com/recipe/104579309/
口蘑豆腐汤,口蘑、嫩豆腐、小葱、盐、糖、生抽、胡椒粉、蒜末、油、清水、芝麻油,8.9,http://www.xiachufang.com/recipe/103853247/
肉沫豆角下饭菜,豆角、猪肉碎、小米椒、大葱大蒜、生抽、糖、老抽、淀粉、料酒、盐、植物油,8.1,http://www.xiachufang.com/recipe/100018526/
家常茄子,茄子、青红椒、蒜、葱、生抽、老抽、醋、清水、糖、盐、鸡精、香油、淀粉,2,http://www.xiachufang.com/recipe/104593542/
木须肉,里脊肉、胡萝卜、黄瓜、木耳、鸡蛋、小葱、蒜、盐、蚝油、生抽、生粉、料酒,7.7,http://www.xiachufang.com/recipe/103963518/
果冻般的水蒸蛋,鸡蛋、温水、盐、葱花、熟油、特级酱油,9,http://www.xiachufang.com/recipe/104248779/
🐜蚂蚁上树丨能下3碗米饭🍚肉末粉丝,肉末、红薯粉丝、豆瓣酱、蒜、老抽、蚝油、生抽、姜、清水、青红椒,8.5,http://www.xiachufang.com/recipe/104342736/
下饭神菜酱爆茄子,茄子、豆瓣酱、生抽、盐、姜蒜、青椒、鸡精,7.6,http://www.xiachufang.com/recipe/104232115/
超级好吃的鸭血豆腐,鸭血、豆腐、浓汤宝、葱、姜、蒜、香菜、蒜苗、食用油、生抽、油辣子,8.1,http://www.xiachufang.com/recipe/103807366/
秒杀早餐摊不破皮大煎饼，步骤超详细,煎饼面糊、普通面粉、玉米淀粉、水、煎饼酱、大蒜、甜美酱、生抽、蚝油、砂糖、辣椒粉、热油、馅儿、火腿、黄瓜,8.3,http://www.xiachufang.com/recipe/104323289/
爆炒苍蝇头拌饭绝了😋快手家常蒜苔炒肉沫,猪肉沫、蒜苔、蒜瓣、豆豉、小米辣、料酒、生抽、老抽、盐、白糖、白胡椒粉,0,http://www.xiachufang.com/recipe/104595185/
椒盐虾-超好吃光盘版,虾、椒盐、蒜、葱、淀粉、姜、料酒、青椒、小米椒,8.0,http://www.xiachufang.com/recipe/104067722/
满屋飘香的酱脊骨,猪脊骨、料酒、香叶、八角、花椒、桂皮、姜、香葱、大酱（黄酱，黄豆酱）、老抽、生抽、蚝油、冰糖、盐、鸡精、干辣椒、陈皮,8.8,http://www.xiachufang.com/recipe/104044173/
酱爆肉丁,梅花肉（前臀尖，里脊肉都可以）、姜粉、生抽、淀粉、花雕酒（料酒可以代替）、黄瓜、甜面酱、葱,0,http://www.xiachufang.com/recipe/104322248/
做法简单❗️无敌好吃❗️家常版炖带鱼下饭神器,带鱼、葱、姜、蒜、花椒、八角、茴香、淀粉,8.5,http://www.xiachufang.com/recipe/104154952/
🍍酸甜菠萝咕噜肉,里脊肉、菠萝、青红椒、番茄酱、淀粉（腌制用）、生抽、盐、鸡蛋、料酒、胡椒粉、白醋、糖、蚝油、淀粉（裹粉用）,8.4,http://www.xiachufang.com/recipe/104569634/
㊙️自制花甲粉丝煲比外卖还好吃,花甲、粉丝（我用龙口粉丝）、蒜末、火锅底料、豆瓣酱（郫县豆瓣酱效果好）、陈醋，糖，麻油、耗油和生抽、水、小米辣，香菜、金针菇,8.2,http://www.xiachufang.com/recipe/104219619/
新疆特色大盘鸡（附加皮带面做法）,鸡腿、土豆、糖、干辣椒、八角、香叶、花椒、青椒、生抽、料酒、生姜、大蒜、盐,8.4,http://www.xiachufang.com/recipe/104360015/
麻辣海带丝炝拌小菜,干海带丝、蒜、香菜、小米辣、醋、生抽、盐、糖、味精、辣椒油、麻油,8.4,http://www.xiachufang.com/recipe/104106306/
凉拌皮蛋做法（夏日必备下饭菜）,皮蛋（鸟王牌）、蒜沫、盐、生抽、蚝油、凉拌香醋、料酒、辣椒酱（老干妈牌）、指天椒、熟芝麻、香菜,8.5,http://www.xiachufang.com/recipe/103818339/
家常红烧茄子,茄子、肉丝、青椒、西红柿、盐、生抽、姜、蒜,0,http://www.xiachufang.com/recipe/104591536/
超级好吃下酒的炖鸡爪子,鸡爪、焯水用料酒、冰糖、葱段、姜片、炝锅大蒜、料酒、生抽、老抽、黄豆酱油、蚝油、收汤用大蒜、开水,8.6,http://www.xiachufang.com/recipe/104205688/
超级好吃的干煸豆角，麻辣鲜香，超下饭！,豆角、干红辣椒、蒜、麻椒、生抽、盐、鸡精、芝麻,7,http://www.xiachufang.com/recipe/104561497/
我家排骨从不红烧，加一些大蒜，出锅香喷喷，孩子吃完舔手指,肋排、大蒜、生姜、食用盐、白胡椒粉、耗油、玉米淀粉,7.6,http://www.xiachufang.com/recipe/104168245/
苍蝇头（经典台湾家常菜）,肉末、蒜苔、蒜末、葱末、小米椒、料酒、白糖、生抽、淀粉、老抽、盐、鸡精,8.2,http://www.xiachufang.com/recipe/100489091/
啫啫鱼煲,鱼（或鸡肉）、大蒜、姜、葱、葱花、生抽、蚝油、料酒、糖、盐、白胡椒粉、淀粉、食用油,8.7,http://www.xiachufang.com/recipe/104150365/
超级下饭盐焗鸡·电饭锅版,鸡（净约1500克）、葱、姜、生抽、老抽、花生油、白胡椒粉、盐焗鸡粉,7.7,http://www.xiachufang.com/recipe/104050012/
锅包肉,里脊、香菜、胡萝卜、姜、葱、蒜、淀粉、糖、盐、白醋、醋精、酱油、油、胡萝卜,2,http://www.xiachufang.com/recipe/104057602/
超级下饭鱼香肉丝（不辣版）,肉丝、黑木耳、胡萝卜、青椒、葱（大葱）姜蒜末、豆瓣酱、～～腌肉材料～～、白胡椒粉、料酒、淀粉、生抽、老抽、～酱汁材料43221～、香醋、白砂糖、生抽、清水、淀粉、以上“勺”是指家家都有的陶瓷汤勺,8.0,http://www.xiachufang.com/recipe/104340979/
干煸手撕杏鲍菇,杏鲍菇、大蒜、姜、辣椒粉、孜然粉、生抽或味极鲜酱油、盐、白糖、玉米油、芝麻,8.3,http://www.xiachufang.com/recipe/103925959/
超下饭的芦笋炒腊肉,腊肉、芦笋、姜、蒜、豆瓣酱、油、盐,1,http://www.xiachufang.com/recipe/104585662/
超上瘾的麻酱流汁宽粉,宽粉、调制汁配料、葱蒜沫、芝麻、花生碎、麻酱、水、油、耗油、生抽、香醋、白糖,8.4,http://www.xiachufang.com/recipe/104189540/
开胃下饭菜！巨简单的家常鱼香茄子煲,茄子、肉沫、小葱、姜、蒜、小米辣、郫县豆瓣酱、老抽、生抽、陈醋、耗油、糖、淀粉、清水,7.9,http://www.xiachufang.com/recipe/104416071/
凉拌三丝,黄瓜、胡萝卜、香菜、金针菇、小尖椒、大蒜,7.4,http://www.xiachufang.com/recipe/104010615/
宝宝下饭菜—番茄龙利鱼,让孩子开心吃饭的心相印迷弟湿巾、龙利鱼、番茄、葱、姜、糖、白胡椒、盐、玉米淀粉、水、香葱、植物油,8.9,http://www.xiachufang.com/recipe/104467354/
超级下饭的家常豆腐,北豆腐（老豆腐）、木耳、胡萝卜、青椒、葱、蒜、郫县豆瓣酱、豆豉、料汁：、生抽、糖、蚝油、水淀粉,8.3,http://www.xiachufang.com/recipe/104387445/
下饭神伴侣,姜、盐、生抽、蒜、辣椒面、小葱、香菜、芝麻、变蛋、食用油,6,http://www.xiachufang.com/recipe/104416190/
可乐鸡翅,鸡翅、可乐、盐、生抽、大料（八角）、白芝麻、腌鸡肉料：、料酒、蚝油、生抽,8.2,http://www.xiachufang.com/recipe/104159249/
手把手教做孜然炒面筋（百吃不厌）动图图解,面筋、青椒、孜然、芝麻、盐、生抽、耗油,8.1,http://www.xiachufang.com/recipe/104099744/
教你在家也可以做的梅菜扣肉，软糯香甜，不油不腻.,五花肉、梅干菜、葱、生姜、八角、花椒、料酒、生抽、老抽、白胡椒、白糖,8.2,http://www.xiachufang.com/recipe/104060328/
【下酒下饭菜】炒花甲贝,蒜、姜、花甲贝、配菜、加饭酒/料酒、蚝油/隐汁、酱油、辣椒、糖,0,http://www.xiachufang.com/recipe/104595431/
东北烧茄子,茄子、尖椒、番茄、湿淀粉、酱汁配方、葱、姜末、大蒜、海鲜酱油、糖、鸡精、醋、蚝油、湿淀粉、清水、盐,8.5,http://www.xiachufang.com/recipe/103916666/
好吃简单人人会丨🐥三杯鸡,鸡腿(中翅，整鸡都可以)、姜、蒜、罗勒叶、芝麻油、米酒、酱油汁50ml、冰糖、盐(基本不用放),7.9,http://www.xiachufang.com/recipe/104358545/
香菇滑鸡,鸡腿肉、香菇、红薯淀粉、美人椒、姜、蒜片、盐、生抽、糖,8.0,http://www.xiachufang.com/recipe/104130775/
一夹就断的黄豆焖猪蹄,猪手、黄豆、冰糖、料酒、老抽、盐、桂皮、干辣椒、八角、姜、香叶、花椒、酱油、蚝油,8.0,http://www.xiachufang.com/recipe/104180671/
小炒牛肉（肉嫩味香）,牛肉、蒜、淀粉、胡椒粉、生抽、盐、老抽、小米辣、蚝油、啤酒、中红辣椒、芹菜,7.5,http://www.xiachufang.com/recipe/104426310/
不用油炸的麻辣干锅，好吃到爆炸,虾、藕、土豆、火锅底料、洋葱、花椒、干辣椒,5,http://www.xiachufang.com/recipe/104511548/
杏鲍菇最最好吃的做法,杏鲍菇,8.0,http://www.xiachufang.com/recipe/104243257/
红烧鳊鱼（不粘锅不破皮）,鳊鱼、姜、盐、白糖、生抽、料酒、葱、郫县豆瓣酱、蒜、菜籽油,0,http://www.xiachufang.com/recipe/104583239/
五香小土豆,小土豆、辣椒面、葱花、盐、生抽、大蒜、花椒粉、耗油,1,http://www.xiachufang.com/recipe/104069777/
"醋溜土豆丝,你真的会溜吗?记住这三点,一定好吃!",土豆、青红椒、米醋，盐,7.7,http://www.xiachufang.com/recipe/104008993/
㊙️🔥孜然香辣豆皮‼️怀旧小零食‼️只需10分钟,油豆皮、大蒜、五香粉、辣椒粉、孜然粉+孜然粒、红油、生抽、蚝油、盐、白糖、熟白芝麻,8.8,http://www.xiachufang.com/recipe/104229823/
鱼香肉丝（米饭杀手系列三）,豆瓣酱、醋、生抽、蚝油、白沙糖、料酒、淀粉、里脊肉、青椒、木耳、胡萝卜、仔姜,7.9,http://www.xiachufang.com/recipe/103951128/
自制面筋1⃣️不用洗面版，操作简单，成功率百分百，内附卷面筋视频！,面筋粉/谷元粉、温水或冷水、盐,8.2,http://www.xiachufang.com/recipe/103891008/
水煮肉片【向往的生活】简单零失败,肉片、葱蒜、豆瓣酱、盐、白菜（或者包菜）、豆芽、辣椒面、葱花,8.1,http://www.xiachufang.com/recipe/104115209/
宫保鸡丁(家常版),鸡胸肉、黄瓜、胡萝卜、花生、郫县豆瓣酱、花椒、小红辣椒、腌制鸡肉材料:1～6、1.料酒、2.生抽、3.盐、4.鸡蛋清、5.淀粉、6.香油、碗汁材料:7～16、7.陈醋、8.白糖、9.蚝油、10.料酒、11.蜂蜜、12.肉清汤(或清水)、13.香葱(切碎)、14.蒜(切碎)、15.香油、16淀粉,8.0,http://www.xiachufang.com/recipe/102205755/
小炒什锦蔬菜,黑木耳、黄瓜、玉米、胡萝卜、鸡蛋、葱姜蒜、盐、鸡精、糖,4,http://www.xiachufang.com/recipe/103934209/
吃出炒鸡味道的肉沫粉条,粉条、酱油、生抽、猪肉、盐、葱末、青椒,0,http://www.xiachufang.com/recipe/104579120/
绝对惊艳到你💌一起来吃外酥里嫩，给肉都不换的椒盐杏鲍菇❗️,杏鲍菇、鸡蛋、玉米淀粉、水、椒盐面➕辣椒粉➕黑胡椒,8.0,http://www.xiachufang.com/recipe/104197876/
酸菜牛肉,牛腩（肋条也可以）、酸菜、野山椒（切一刀）、泡姜（切小块）、生抽、蚝油、冰糖、香叶、桂皮、八角、葱蒜（葱打结，蒜用整粒）、剁椒、食用油,8.6,http://www.xiachufang.com/recipe/104105292/
🐷青椒五花肉🐷,五花肉、青椒、大蒜、洋葱、调料🧂、料酒、老干妈、生抽、蚝油、盐、糖,8.1,http://www.xiachufang.com/recipe/103947189/
川菜必点菜谱既是菜又是酱下饭神器,鸡胸脯、芽菜、蒜、辣椒、生抽、老抽、料酒、淀粉,4,http://www.xiachufang.com/recipe/104357561/
二十年自制辣椒酱配方😋,辣椒🌶️、生姜，大蒜（大蒜可不放）、干黄酱、豆豉（觉得大可以剁碎）、白芝麻、花生碎、花椒粉、白糖、鸡精、盐、白酒,8.3,http://www.xiachufang.com/recipe/104116102/
青柠拌鸡丝,鸡胸肉、青柠檬、青尖椒、红尖椒、香菜、洋葱、姜片、葱段、蒜末、生抽、陈醋、料酒、花椒油、白糖、盐,8.5,http://www.xiachufang.com/recipe/103883673/
给老公带饭之酸甜可口糖醋荷包蛋,鸡蛋、糖、醋（各种食用醋都可以）、耗油、生抽、盐、生粉（淀粉）、番茄酱、小米辣、小葱,8,http://www.xiachufang.com/recipe/104395460/
椒盐虾(酥脆到掉渣),虾、椒盐、姜、葱、红辣椒、洋葱、料酒、葱花,8.2,http://www.xiachufang.com/recipe/104165348/
就是这个味儿！上海熏鱼（爆鱼）,草鱼、姜段+葱片、冰糖、蚝油、料酒、生抽、醋、蜂蜜、老抽、水、八角、香叶、花椒粒、桂皮,8.4,http://www.xiachufang.com/recipe/104142227/
超方便的快手菜-榨菜肉丝,二荆条、猪瘦肉、乌江涪陵榨菜、蒜、姜,0,http://www.xiachufang.com/recipe/104595447/
孜然炒鱿鱼须🦑,鱿鱼须、姜、料酒、烧烤料、利民蒜蓉辣酱、油,8.1,http://www.xiachufang.com/recipe/104081384/
咖喱鸡肉饭（新手也能一次成功）,鸡腿肉、土豆、米饭、洋葱、胡萝卜、好侍百梦多咖喱微辣、生抽、料酒、青豆、玉米、香菇（可选）,8.2,http://www.xiachufang.com/recipe/104123287/
酸辣藕丁,藕、泡椒小米辣、蒜、姜、葱花、醋、生抽、蚝油、料酒、盐,8.0,http://www.xiachufang.com/recipe/104032592/
超简单美味的炒腐竹😋,腐竹、香菇、胡萝卜、青椒（柿子椒）、蚝油、生抽、盐、植物油、里脊肉,0,http://www.xiachufang.com/recipe/104575631/
咸鲜可口的青红椒炒鸡丁,鸡胸、青红椒、姜葱蒜、料酒、淀粉、生抽、老抽、蚝油、盐糖,8.2,http://www.xiachufang.com/recipe/104147113/
回锅土豆片(超下饭),土豆、青椒、红椒、大葱、蒜苗、姜、蒜,0,http://www.xiachufang.com/recipe/104590227/
白菜时蔬卷,胡萝卜、木棉豆腐、蘑菇、大白菜、酱油、水、老干妈、糖、盐,5,http://www.xiachufang.com/recipe/104477538/
让武汉人民懵掉的儿菜的N种做法（2020.3.2更新第五种）,儿菜、香肠（或腊肉）、大蒜、姜、花椒、干辣椒、食用油,8.6,http://www.xiachufang.com/recipe/104324538/
口口是肉的蒜香蜜汁大鸡腿！香嫩多汁的蒜香大鸡腿！红烧版！,琵琶腿、大蒜瓣、生姜片、盐、李锦记生抽、胡椒、料酒、蜂蜜、老抽、玉米淀粉,0,http://www.xiachufang.com/recipe/104583645/
酱骨头,排骨、黄豆酱、郫县豆瓣酱、香叶、八角、桂皮、花椒、料酒、生抽、老抽、糖、干辣椒、姜、葱、草果,8.1,http://www.xiachufang.com/recipe/104083024/
百吃不厌的蒜香鸡腿，孩子吵着天天吃,酱油、老抽、盐、白糖、料酒、鸡腿、蒜头,1,http://www.xiachufang.com/recipe/104570170/
草菇牛肉（米饭杀手系列九）,草菇、牛肉、香菜、生抽、淀粉、料酒、猪油、蚝油、黑胡椒粉、麻椒、小米椒,8.0,http://www.xiachufang.com/recipe/104085765/
下饭菜,线椒、大蒜,1,http://www.xiachufang.com/recipe/104129881/
菠萝咕噜肉,猪肉、菠萝、鸡蛋、小番茄、青椒、番茄酱、白醋、盐、生粉、糖、料酒,8.1,http://www.xiachufang.com/recipe/247165/
时尚湘菜外婆菜,喜乐田园五花肉、萝卜干、梅干菜、青红椒、蒜头、食用油、料酒、生抽,11,http://www.xiachufang.com/recipe/103837744/
麻婆豆腐,花椒末、豆腐、郫县豆瓣、肉沫、花椒粒、辣椒粉、胡椒末、水淀粉、小葱,7.8,http://www.xiachufang.com/recipe/78140/
香煎豆腐（好吃到姥姥家）,豆腐（不是盒装）、鸡蛋、蒜瓣、生抽、蚝油、白糖、葱、胡椒粉、小米椒、清水,8.1,http://www.xiachufang.com/recipe/104150659/
香菇酿肉,新鲜香菇、肉馅、虾仁、淀粉、生抽、盐、鸡汁/蚝油、胡椒粉,8.2,http://www.xiachufang.com/recipe/104040798/
家常麻辣香锅,虾、午餐肉、皇子菇、鲜香菇、大白菜心、胡萝卜、西芹、香菜、麻辣火锅底料、花雕酒、白胡椒粉、菱粉/淀粉、盐、菜油、姜末、蒜片、洋葱、白芝麻,1,http://www.xiachufang.com/recipe/104592737/
金针肥牛粉丝煲（内含汤色金黄秘籍）,肥牛、金针菇、粉丝、尖椒、酸菜、虫草花、酸豆角,0,http://www.xiachufang.com/recipe/104573828/
下饭神器咸蛋黄豆腐煲，汤汁鲜香浓郁！,咸蛋黄酱、嫩豆腐、虾仁、火腿、淀粉、盐、白砂糖、葱,9,http://www.xiachufang.com/recipe/104367810/
蛋饺,鸡蛋、盐、肉馅、香菜,5,http://www.xiachufang.com/recipe/104082141/
萝卜焖牛腩（好吃得可以摆摊了）,牛腩、萝卜、姜、葱白、料酒、蒜、生抽、老抽、白糖、耗油、陈皮,8.2,http://www.xiachufang.com/recipe/104352858/
别找了，这才是【鱼香肉丝】百试百灵的方子！,瘦肉丝、红萝卜、青椒、木耳、葱、【万能鱼香汁】、【腌肉料】,8.2,http://www.xiachufang.com/recipe/103924989/
酒鬼玉米,甜玉米、鸡蛋、淀粉、椒盐、小葱,7.9,http://www.xiachufang.com/recipe/103968443/
巨下饭的香辣土豆片，酸辣过瘾，好吃到流泪～,土豆、蒜、小米椒、香葱,12,http://www.xiachufang.com/recipe/104363354/
超简单清蒸鱿鱼做法,鱿鱼、葱、姜、蒜头辣椒、生抽,8.0,http://www.xiachufang.com/recipe/103812708/
烧烤味杏鲍菇牛肉卷,杏鲍菇、牛肉卷、圆葱、蒜、香菜、生抽、蚝油、料酒、姜粉、烧烤料、白芝麻、盐,0,http://www.xiachufang.com/recipe/104583830/
黄磊版烟笋/萝卜干炒腊肉-向往的生活湘西腊肉做法,腊肉、烟笋或者萝卜干、红绿双椒(双色剁椒)、盐、葱、姜、蒜、盐、生抽、白糖、蚝油、老抽,8.6,http://www.xiachufang.com/recipe/103962452/
鱼香茄子极简版💜,茄子、姜、蒜、生抽、泰椒（小米辣）、葱、郫县豆瓣酱、蚝油、糖、醋、老抽、淀粉、肉沫,1,http://www.xiachufang.com/recipe/104586802/
牛肉嫩滑不柴不硬的家常处理方法30年经验大师小秘方,牛肉、蛋清、姜汁、老抽、糖、盐、小苏打（可不加）、水淀粉,8.9,http://www.xiachufang.com/recipe/102774057/
水煮肉片（吃不够的下饭菜）,猪里脊肉（牛里脊肉亦可）、油菜（配菜）、豆腐皮（我钟爱的配菜）、淀粉、料酒、老抽、木耳（配菜）、花椒、麻椒、辣椒面、郫县豆瓣、盐、鸡精、葱花、姜片,8.0,http://www.xiachufang.com/recipe/100347110/
自制营养美味健康辣椒油,辣椒面、细辣椒面、白芝麻、熟油、圆葱、姜、花椒、桂皮、大料、香叶、盐、白酒,8.1,http://www.xiachufang.com/recipe/103949220/
下饭菜：爆炒鸡胗,鸡胗、杭椒、干辣椒、花椒、老干妈豆豉辣酱、糖、生抽、老抽、蚝油、料酒、生姜,0,http://www.xiachufang.com/recipe/104581912/
爆炒猪肝家庭做法,猪肝、胡萝卜、尖椒、洋葱、姜、淀粉、生抽、老抽、蚝油、陈醋、糖、盐、食用油,2,http://www.xiachufang.com/recipe/104538135/
老干妈土豆片,土豆、老干妈豆豉酱、小葱、孜然、辣椒面,7.8,http://www.xiachufang.com/recipe/103848565/
豆腐比肉还好吃的做法你知道吗？原来大厨也有私房菜,豆腐、鸡蛋、蒜、葱、小米辣、盐、糖、孜然、孜然面、辣椒面、白芝麻,0,http://www.xiachufang.com/recipe/104591789/
虾仁烧冬瓜「低脂又下饭」,冬瓜、虾仁、生姜、耗油、盐,8.0,http://www.xiachufang.com/recipe/103815178/
健康低脂家常菜—西兰花炒口蘑,西兰花、口蘑、蒜、蚝油、盐、胡萝卜,7.7,http://www.xiachufang.com/recipe/104060009/
百吃不厌的豆腐肉饺子,夹心肉、豆腐、盐、生抽、料酒、老抽、白胡椒粉、葱,10,http://www.xiachufang.com/recipe/103932755/
鸡爪煲,鸡爪、豆瓣酱、番茄酱、生抽、辣椒油、蚝油、老抽、糖、姜、洋葱、蒜,0,http://www.xiachufang.com/recipe/104574322/
阿婆手撕包菜,圆白菜、干红椒、五花肉、大蒜、生姜、盐、蚝油、生抽、花椒油,7.9,http://www.xiachufang.com/recipe/264149/
爆炒鸡胗,鸡胗、小葱、姜、花椒、料酒、味极鲜、盐、十三香,12,http://www.xiachufang.com/recipe/103834603/
番茄土豆炖牛肉,牛肉、大番茄、大土豆、洋葱、姜片、八角（大料）、桂皮、番茄酱、料酒、生抽、老抽、盐、糖、葱花、油,8.1,http://www.xiachufang.com/recipe/104118751/
比饭馆好吃的烧茄子,茄子、西红柿、青椒、蒜、生抽、糖、淀粉、耗油、盐、鸡蛋、面粉,0,http://www.xiachufang.com/recipe/104593011/
酸菜鱼,黑鱼片、酸菜、绿豆芽、蒜、料酒、盐、姜、花椒、泡椒,0,http://www.xiachufang.com/recipe/104598388/
不加一滴水的啤酒鸡，巨下饭，吃到扶墙走,三黄鸡、啤酒、冰糖、香菜、盐、春菜、姜、老卤汁,0,http://www.xiachufang.com/recipe/104578806/
家常炖鱼,鱼、姜、蒜、胡椒粉、料酒、麻椒、火锅底料、芹菜、香菇、洋葱、啤酒、生抽、老抽、盐、鸡精,4,http://www.xiachufang.com/recipe/103907431/
口蘑也可以超下饭,口蘑、西红柿、生抽、蚝油、盐、蒜,8.1,http://www.xiachufang.com/recipe/103819636/
水蒸蛋-《红楼梦》里司棋一怒之下砸了大观园里的小厨房，就因为没吃上这道香嫩滑口的菜！,鸡蛋、小葱、蒸鱼豉油、芝麻油、盐、白胡椒粉、油,8.2,http://www.xiachufang.com/recipe/103872873/
超级下饭的鱼香炒鸡蛋,鸡蛋、青椒、胡萝卜、木耳、蒜、大葱、生抽、老陈醋、蚝油、水淀粉、白砂糖、清水,8.4,http://www.xiachufang.com/recipe/104358019/
自制烧烤味的玉米粒|老少皆宜的快手零食/下酒菜,玉米粒、油、花椒粉、孜然粉、辣椒粉、盐,8.5,http://www.xiachufang.com/recipe/103944416/
零失败糖醋里脊,猪里脊、鸡蛋、胡椒粉、淀粉、番茄酱、绵白糖、白醋、盐、水淀粉、料酒、食用油、纯净水、白芝麻,0,http://www.xiachufang.com/recipe/104594391/
酸菜鱼（不易失手）,黑鱼、酸菜鱼调料包、生姜、蒜、花椒、干辣椒、香菜、调料、盐、糖、花椒粉,8.1,http://www.xiachufang.com/recipe/100458895/
青椒肉丝,青椒、猪肉、蒜葱、淀粉，酱油，料酒，蚝油，十三香，油（码肉用）,1,http://www.xiachufang.com/recipe/104594414/
【15分钟快手菜】牛肉末炒杂蔬,牛肉馅、冷冻蔬菜粒、牛肉馅腌制材料（料酒，生粉，生抽，蚝油，花椒油，橄榄油）,8.4,http://www.xiachufang.com/recipe/103865560/
家常菜｜超好吃超简单不需要厨艺的芋头蒸排骨,排骨、芋头、酱油、蚝油、料酒、淀粉,17,http://www.xiachufang.com/recipe/104369045/
喝粥小菜———酱黄瓜,黄瓜、盐、耗油、老抽、生抽、镇江香醋、干辣椒（小米辣也可以，色泽更好看。）、花椒、生姜、大蒜头、花生油、糖,8.1,http://www.xiachufang.com/recipe/103966534/
自制酸豆角（史上最简单三天完成）,新鲜豆角、淘米水、糖、盐、肉末炒豆角部分、猪肉末、新鲜小辣椒、蒜头、盐或辣椒酱,8.7,http://www.xiachufang.com/recipe/102821098/
健康低卡家常菜——黑胡椒口蘑,白蘑、黑胡椒、蒜、黄油、盐,8.9,http://www.xiachufang.com/recipe/104397155/
蒜苔炒肉丝最好吃的做法！味道鲜美，下酒下饭,蒜苔、胡萝卜、红椒、木耳、酱油、蚝油、大蒜、盐、鸡精、十三香、淀粉、老抽,5,http://www.xiachufang.com/recipe/104398102/
台式卤肉,去皮五花肉、鸡蛋、红葱头、五香粉,12,http://www.xiachufang.com/recipe/103955037/
轻食·西红柿烧茄子（几乎无油！）快手减脂菜·健身餐,西红柿、茄子、蒜、大葱、盐、水,8.5,http://www.xiachufang.com/recipe/104038707/
鲜嫩多汁照烧龙利鱼饭❗️吃一口停不下来😋,龙利鱼、葱、姜、生抽、糖、陈醋、料酒、黑胡椒碎、老抽、熟芝麻、海苔,3,http://www.xiachufang.com/recipe/104567127/
超简单可乐鸡翅,鸡翅、可乐、生抽、老抽、砂糖,0,http://www.xiachufang.com/recipe/104593307/
最下饭的锅塌豆腐,北豆腐、鸡蛋、淀粉、葱姜、盐、糖、生抽、蚝油、泰椒、鸡精、香油,8.3,http://www.xiachufang.com/recipe/101863957/
农家青椒肉丝,青椒、猪肉、姜、水淀粉、生抽、老抽、盐、白糖、香醋,12,http://www.xiachufang.com/recipe/103815140/
三汁焖锅,鸡翅,7,http://www.xiachufang.com/recipe/104158778/
干煸菜花,松花菜、五花肉、生姜、大蒜、辣椒、盐、酱油,7.9,http://www.xiachufang.com/recipe/267390/
【爆炒花甲】终于有人讲清楚怎么做了,花甲、葱、姜、蒜、干辣椒、豆瓣酱、蚝油、生抽、白糖、料酒,6,http://www.xiachufang.com/recipe/104171995/
CC招牌菜销魂烤茄子，百吃不厌！,茄子、辣椒、蒜末、盐、油、酱油、孜然粉、葱花,8.1,http://www.xiachufang.com/recipe/100602828/
桃胶雪燕皂角米炖牛奶|满满的胶原蛋白,桃胶、皂角米、雪燕、枸杞、红枣、冰糖、纯牛奶,8.2,http://www.xiachufang.com/recipe/103892061/
口水流一地的香酥脆皮烤五花肉😏,五花肉、生抽、蚝油、孜然粉、五香粉、辣椒粉、芝麻、生姜、料酒,7.6,http://www.xiachufang.com/recipe/104446717/
越啃越过瘾的鸡爪煲~蚝油鸡爪煲,鸡爪、土豆、香菇、青椒、洋葱、葱姜、干辣椒、料酒、酱油、蚝油、八角、香叶、盐、鸡精、冰糖,8.1,http://www.xiachufang.com/recipe/104045264/
煲凤爪,鸡爪、料酒、蚝油、八角、盐、冰糖、生抽、老抽、大蒜、葱、彩椒、五香粉,1,http://www.xiachufang.com/recipe/104585708/
剁椒鱼头（零失败）,剁椒、鱼头、姜、葱、油、蒜、料酒、米醋,7.6,http://www.xiachufang.com/recipe/103808538/
香菇小青菜#下饭菜,小青菜、香菇、蒜瓣、生抽、蚝油、淀粉、盐,8.4,http://www.xiachufang.com/recipe/103820728/
一个话唠包教包会的香浓红烩牛腩,牛腩、黄皮洋葱、胡萝卜、土豆、西红柿、干辣椒、葱、姜、蒜、香叶、冰糖、食用油、生抽、红烧酱油（或老抽）、番茄酱、盐、料酒（或红酒）,8.6,http://www.xiachufang.com/recipe/100277193/
超级下饭菜--金针菇日本豆腐,日本豆腐、金针菇、大葱、葱、蒜、盐、耗油、酱油,7.5,http://www.xiachufang.com/recipe/100103576/
小炒千叶豆腐,五花肉、千叶豆腐、青红椒、蒜、酱油、盐,1,http://www.xiachufang.com/recipe/104565801/
家常版麻婆豆腐,豆腐、牛肉馅、葱、姜、郫县豆瓣酱、料酒、生抽、白糖、花椒、水淀粉、盐,1,http://www.xiachufang.com/recipe/104584223/
【健康三餐】香喷喷孜然鸡肉闷饭,鸡胸或鸡腿、洋葱（紫色尤佳）、蒜、青椒或甜椒、酱油、黑胡椒粉、白胡椒粉、白米（长粒longgrainrice尤佳）（见贴士1）、孜然粉、孜然粒、香菜,9.1,http://www.xiachufang.com/recipe/102128954/
手撕包菜（下饭开味爽脆清甜家庭必备菜）,包菜、干辣椒节、蒜、鸡精、陈醋、蚝油、蒸鱼豉油、生抽,6,http://www.xiachufang.com/recipe/104539351/
虾仁豆腐蒸水蛋,内脂豆腐、鸡蛋、清水、虾仁、香葱、蒸鱼豉油、盐、香油,8.3,http://www.xiachufang.com/recipe/101858672/
用啤酒做的红烧鸡块,鸡、料酒、啤酒🍺、韩式辣酱、盐和鸡精、葱姜蒜、干辣椒、小葱,0,http://www.xiachufang.com/recipe/104578022/
🔥香辣过瘾，秒杀路边摊～香辣火腿土豆丁,土豆、火腿肠、生抽、辣椒粉、孜然粉、熟白芝麻、香葱,1,http://www.xiachufang.com/recipe/104527908/
💯炒鸡下饭「香辣腐竹」🍀,腐竹、盐、大蒜、陈醋、生抽、老抽、老干妈、鸡精、干辣椒、香菜、花椒,8,http://www.xiachufang.com/recipe/104008898/
外卖排行榜第一名黄焖鸡,鸡腿、香菇、甜椒、姜、葱、蒜、干辣椒、冰糖、生抽、老抽、蚝油、料酒,7.9,http://www.xiachufang.com/recipe/103974677/
大蒜炒鸡蛋,鸡蛋、蒜苔、油、盐,8.5,http://www.xiachufang.com/recipe/104222857/
经典下饭菜,乌江榨菜、小米椒、泡椒、大蒜、香葱、白糖、味极鲜生抽、猪肉,0,http://www.xiachufang.com/recipe/104044418/
麻婆豆腐（家里做出饭店口感）,豆腐、肉末、蒜子、小葱、花椒粉、黄豆酱、淀粉、蘸水、花椒油,2,http://www.xiachufang.com/recipe/104575464/
超级下饭菜～虎皮青椒,青泡椒、大蒜、小青桔、糖、酱油、食用油,7.6,http://www.xiachufang.com/recipe/104324110/
虎皮凤爪,大鸡爪、麦芽糖、桂皮、香叶、葱姜蒜干辣椒、盐、生抽、老抽、蚝油、香菜,18,http://www.xiachufang.com/recipe/104500089/
下饭神器🙋大葱羊肉卷,大葱、羊肉卷、生抽、蚝油、白砂糖,8.3,http://www.xiachufang.com/recipe/103799110/
咸香鲜美，巨好吃的“蟹黄豆腐羹”，双层口感惊艳你的味蕾！,咸蛋黄、内脂豆腐(嫩豆腐)、青豆、玉米粒、红萝卜丁、玉米淀粉、盐,0,http://www.xiachufang.com/recipe/104598439/
红烧鸡块没朋友版，超级下饭,鸡腿、干辣椒、八角、花椒、姜、大葱、蒜、生抽、老抽、豆瓣酱、蚝油、冰糖,7.8,http://www.xiachufang.com/recipe/104530433/
每年必吃的爽口腌黄瓜,黄瓜、盐、酱油、白糖、蒜、姜、小米辣、鸡精、油、花椒,8.1,http://www.xiachufang.com/recipe/104202596/
酸辣白菜,大白菜、粉条、五花肉、干辣椒、小米椒、葱、蒜、米醋、鲜味酱油、糖、盐,6,http://www.xiachufang.com/recipe/104521242/
韭菜炒河虾，鲜美极了！一定要试一次,河虾、韭菜,0,http://www.xiachufang.com/recipe/104569754/
红烧三黄鸡(简单做法，不会用修图误导大家),三黄鸡、青尖椒、红尖椒、料酒、葱、姜、蒜、八角、花椒、香叶、糖、盐、老抽、生抽、蚝油,8.5,http://www.xiachufang.com/recipe/103947082/
凉拌杏鲍菇（升级版万能凉拌汁）,杏鲍菇、蒜头、葱花、香菜、白芝麻、辣椒面、生抽、陈醋、蚝油、白糖、食用油,8.3,http://www.xiachufang.com/recipe/104136208/
【健康三餐】鹰嘴豆鸡胸茄子饭,鹰嘴豆、荞麦粒、鸡胸、海盐、黑胡椒、孜然粉、smokedpaprika或辣椒粉、橄榄油、细长条茄子、蒜、柠檬、香菜、营养酵母粉或feta奶酪、酱油、腰果或花生,9.2,http://www.xiachufang.com/recipe/101874502/
茄汁豆腐,番茄🍅、日本豆腐、金针菇、小葱、大蒜🧄、生抽、老抽、白糖、蚝油、淀粉,0,http://www.xiachufang.com/recipe/104597797/
农家小炒肉,猪肉、尖椒、葱、蒜,7.8,http://www.xiachufang.com/recipe/126294/
春吃春笋似黄金|油焖笋,雷笋、冰糖、老抽、生抽、黄酒、油、小葱、水、盐,0,http://www.xiachufang.com/recipe/104600273/
火山土豆泥の好吃又好看,土豆、洋葱、鸡胸肉、盐、胡萝卜、蚝油、酱油、淀粉,0,http://www.xiachufang.com/recipe/104600257/
锅塌豆腐,豆腐、面粉、鸡蛋、蒜、生抽、老抽、盐,0,http://www.xiachufang.com/recipe/104600250/
下饭菜·盐焗梅花肉,猪梅花肉、盐焗鸡粉、白胡椒粉、花生油、粗盐（看锅大小）、清水（看盐多少）,1,http://www.xiachufang.com/recipe/104600119/
凉拌鸡腿肉,鸡腿、生抽、小米椒、蒜、葱、姜、糖和盐、蚝油、醋,0,http://www.xiachufang.com/recipe/104600106/
